time_value,fb-survey_smoothed_wwearing_mask_7d,safegraph_bars_visit_prop,fb-survey_smoothed_wcovid_vaccinated_appointment_or_accept,jhu-csse_confirmed_7dav_incidence_prop,fb-survey_smoothed_whh_cmnty_cli,quidel_covid_ag_smoothed_pct_positive,fb-survey_smoothed_wcovid_vaccinated,doctor-visits_smoothed_adj_cli,jhu-csse_deaths_7dav_incidence_prop,fb-survey_smoothed_wothers_masked_public,google-symptoms_sum_anosmia_ageusia_smoothed_search,safegraph_restaurants_visit_prop,hospital-admissions_smoothed_adj_covid19_from_claims,fb-survey_smoothed_wcli
2020-01-01,,99.93420238304637,,,,,,,,,,197.4396085931182,,
2020-01-02,,81.30240193874958,,,,,,,,,,216.35850263191156,,
2020-01-03,,123.38681832691643,,,,,,,,,,266.05178683749125,,
2020-01-04,,148.01206506798002,,,,,,,,,,272.22043032353713,,
2020-01-05,,90.94403293789617,,,,,,,,,,208.8219172849433,,
2020-01-06,,54.07130898170045,,,,,,,,,,174.20243726875964,,
2020-01-07,,66.44907850763187,,,,,,,,,,188.4197093535458,,
2020-01-08,,65.53703233203693,,,,,,,,,,194.8445745969429,,
2020-01-09,,65.53703233203693,,,,,,,,,,208.2103585169415,,
2020-01-10,,120.25980286773377,,,,,,,,,,270.0765642676173,,
2020-01-11,,156.4810652699331,,,,,,,,,,306.114295686404,,
2020-01-12,,101.36741780183843,,,,,,,,,,223.7091632941858,,
2020-01-13,,53.68043204930261,,,,,,,,,,173.44096033834032,,
2020-01-14,,55.76510902209107,,,,,,,,,,169.74177912764034,,
2020-01-15,,67.23083237242754,,,,,,,,,,195.69612711176245,,
2020-01-16,,60.58592452166436,,,,,,,,,,193.43027133537086,,
2020-01-17,,102.93092553142976,,,,,,,,,,250.18824197657463,,
2020-01-18,,119.86892593533592,,,,,,,,,,224.53429153856496,,
2020-01-19,,114.78752581416407,,,,,,,,,,233.58054907006783,,
2020-01-20,,97.19806385626153,,,,,,,,,,215.15224889216623,,
2020-01-21,,58.5012475488759,,,,,,,,,,170.80106594173083,,
2020-01-22,,70.22755552081094,,,,,,,,,,198.22175660263397,,
2020-01-23,,63.58264767004775,,,,,,,,,,191.75566711470702,,
2020-01-24,,113.4846027061713,,,,,,,,,,270.65571650462454,,
2020-01-25,,137.8492648256363,,,,,,,,,,245.92636362260595,,
2020-01-26,,88.85935596510772,,,,,,,,,,207.3877823927007,,
2020-01-27,,46.51435495534231,,,,,,,,,,175.7987328590429,,
2020-01-28,,41.43295483417046,,,,,,,,,,165.26990529044335,,
2020-01-29,,50.55341659011993,,,,,,,,,,174.06113223089173,,
2020-01-30,,53.55013973850334,,,,,,,,,,186.3619683608731,,
2020-01-31,,100.58566393704275,,,,,,,,,,264.24432522860195,,
2020-02-01,,136.41604940684425,,,,,,0.309809,,,,284.7944633506479,0.04873,
2020-02-02,,75.69983257438062,,,,,,0.311116,,,,158.15606509499253,0.052267,
2020-02-03,,38.15694380568766,,,,,,0.312422,,,,163.72028065842423,0.046295,
2020-02-04,,41.31563120682075,,,,,,0.313539,,,,159.71284023470182,0.037023,
2020-02-05,,49.149175961630796,,,,,,0.313386,,,,164.9328323746149,0.042698,
2020-02-06,,46.11683605654303,,,,,,0.312555,,,,164.64044401751926,0.035867,
2020-02-07,,83.64204238200408,,,,,,0.311754,,,,205.52321606553627,0.043625,
2020-02-08,,157.8080225606089,,,,,,0.311014,,,,288.3809166718981,0.051742,
2020-02-09,,87.68516225545443,,,,,,0.310362,,,,204.39666092496194,0.048442,
2020-02-10,,44.82055491495169,,,,,,0.309814,,,,154.38009347058258,0.046046,
2020-02-11,,47.29610882013798,,,,,,0.314315,,,,160.55288999070723,0.039568,
2020-02-12,,55.76510902209107,,,,,,0.314169,,,,176.54369991749255,0.034123,
2020-02-13,,52.76838587370766,,,,,,0.313188,,,,174.44598076580675,0.029276,
2020-02-14,,115.30869505736118,,,,,,0.313748,,,,282.62466964147313,0.026314,
2020-02-15,,140.71569566322043,,,,,,0.31272,,,,268.2931211748328,0.026024,
2020-02-16,,96.6768946130644,,,,,,0.323868,,,,220.6731769896372,0.027513,
2020-02-17,,98.04565693117092,,,,,,0.321561,,,,200.1754224550898,0.029499,
2020-02-18,,77.8300575639192,,,,,,0.330679,,,,181.24921409758952,0.039621,
2020-02-19,,114.34448392101766,,,,,,0.327781,,,,199.61598473647342,0.036018,
2020-02-20,,92.86540959331268,,0.0,,,,0.324049,0.0,,0.09999999999999999,218.1548900580085,0.03227,
2020-02-21,,124.45228360464353,,0.0,,,,0.331973,0.0,,0.10285714285714286,251.33385013902887,0.030068,
2020-02-22,,139.61398313008235,,0.0,,,,0.328054,0.0,,0.10142857142857142,275.0884363448955,0.028425,
2020-02-23,,80.73604997296164,,0.0,,,,0.324703,0.0,,0.09857142857142856,205.21036192263765,0.028983,
2020-02-24,,47.545381996990194,,0.0,,,,0.320485,0.0,,0.09857142857142856,163.9452747991292,0.029803,
2020-02-25,,41.93530742507395,,0.0,,,,0.317492,0.0,,0.09857142857142856,128.27024671718408,0.027658,
2020-02-26,,63.67434639124941,,0.0,,,,0.319504,0.0,,0.09857142857142856,192.15183759482758,0.026976,
2020-02-27,,60.44855351239756,,0.0,,,,0.319223,0.0,,0.10285714285714286,185.08730541382087,0.04037,
2020-02-28,,101.12159415879036,,0.0,,,,0.316153,0.0,,0.09999999999999999,238.34631505579,0.053796,
2020-02-29,,165.6374517358272,,0.0,,,,0.317464,0.0,,0.1,285.99323283133896,0.050028,
2020-03-01,,86.2548965432123,,0.0,,,,0.316071,0.0,,0.10285714285714286,207.475512629785,0.049333,
2020-03-02,,44.29938567175458,,0.0,,,,0.313792,0.0,,0.09999999999999999,161.89845685425047,0.045113,
2020-03-03,,50.16253965772209,,0.0007388,,,,0.318699,0.0,,0.10142857142857142,164.03209577973962,0.053609,
2020-03-04,,55.89540133289034,,0.0073435,,,,0.317029,0.0,,0.10142857142857142,175.29392381790595,0.059113,
2020-03-05,,55.50452440049251,,0.0154213,,,,0.323353,0.0,,0.09999999999999999,185.33407150357445,0.049591,
2020-03-06,,88.989648275907,,0.0176244,,,,0.326892,0.0,,0.10428571428571429,230.13188555608173,0.041566,
2020-03-07,,145.7970957843923,,0.0561476,,,,0.330044,0.0,,0.10571428571428572,276.9428911753812,0.059296,
2020-03-08,,80.39035576315464,,,,,,,,,,200.45881840280776,0.066327,
2020-03-09,,,,0.1013402,,,,0.33483,0.0,,0.11142857142857143,160.68403768282627,0.085342,
2020-03-10,,46.844122675500664,,0.1108868,,,,0.337256,0.0,,0.11714285714285715,,0.109521,
2020-03-11,,54.557975211885505,,0.151276,,,,0.358408,0.0007388,,0.12142857142857144,154.260809083995,,
2020-03-12,,48.527145047075535,,0.2019461,,,,0.356485,0.0007388,,0.1242857142857143,153.6580932637294,0.158167,
2020-03-13,,72.08945824912378,,0.2606941,,,,0.373494,0.0007388,,0.13571428571428573,181.8651936521625,0.180643,
2020-03-14,,79.6630589212107,,0.3532221,,,,0.40123,0.0036717,,0.16571428571428573,168.5882251543103,0.258848,
2020-03-15,,40.9535443749886,,0.3877366,,,,0.435684,0.0073435,,0.20285714285714285,116.69439302943654,0.330517,
2020-03-16,,24.625246741063577,,0.6043697,,,,0.513008,0.0154213,,0.2414285714285715,92.43190992951335,0.417503,
2020-03-17,,16.54712347150833,,0.9216087,,,,0.622057,0.0257022,,0.29714285714285715,60.57654980592954,0.60446,
2020-03-18,,16.807708093106886,,1.6823949,,,,0.824408,0.0433266,,0.3785714285714286,59.0529947303277,0.694584,
2020-03-19,,11.596015661135759,,2.8823221,,,,1.017907,0.0638884,,0.4757142857142857,54.77833448963906,0.756308,
2020-03-20,,10.423384863942255,,5.3467993,,,,1.169774,0.1042776,,0.5942857142857143,47.621978648812096,1.084985,
2020-03-21,,7.5569540263581345,,7.2355464,,,,1.411651,0.1395264,,0.8085714285714286,33.526917692244126,1.344764,
2020-03-22,,7.296369404759577,,10.6906611,,,,1.862286,0.1755095,,1.27,36.34767108935842,1.755047,
2020-03-23,,7.854104400682746,,14.6304466,,,,2.56758,0.2423354,,1.9385714285714286,36.20944708720168,2.460145,
2020-03-24,,11.079897279534588,,17.8256016,,,,3.272116,0.3231138,,2.3871428571428575,41.902102444055345,3.304628,
2020-03-25,,12.903171515407367,,20.8070609,,,,3.937092,0.420048,,2.7414285714285715,45.376615074342,4.10203,
2020-03-26,,10.098134229449245,,24.3627816,,,,4.514688,0.5720583,,3.04,42.30067496523536,5.509007,
2020-03-27,,14.305690158386431,,27.2010427,,,,4.950102,0.7314122,,3.2885714285714287,48.32258588306383,6.566622,
2020-03-28,,13.043423379705276,,30.8353387,,,,5.713994,0.9524514,,3.487142857142857,39.337374916462224,7.57299,
2020-03-29,,7.152845079193216,,32.6469791,,,,5.999368,1.1933181,,3.375714285714286,31.235955192477164,8.27963,
2020-03-30,,12.949973949471008,,33.6177893,,,,6.66678,1.4209664,,3.002857142857143,38.44863706495576,8.861187,
2020-03-31,,10.540676470499658,,36.843787,,,,7.366738,1.689004,,2.8042857142857147,38.11815794066979,10.03038,
2020-04-01,,11.594744117549624,,38.999103,,,,8.091968,2.0407575,,2.6571428571428575,39.457468075933996,10.740081,
2020-04-02,,11.745325209985333,,40.4692708,,,,8.278554,2.4020575,,2.52,40.15321360074659,13.907631,
2020-04-03,,15.509852520878068,,42.8022994,,,,8.990875,2.7611544,,2.461428571428571,45.701784161126994,17.467894,
2020-04-04,,14.907528151135232,,45.1132975,,,,9.821798,3.0798621,,2.287142857142857,42.692684766312546,21.105702,
2020-04-05,,7.830216806656889,,46.6400103,,,,9.665845,3.4675987,,2.1485714285714286,31.352032711867338,24.132002,
2020-04-06,,9.086320040383644,,47.8443436,,,,9.935456,3.9441916,,2.0285714285714285,35.723066040035675,26.148003,1.3658524
2020-04-07,,9.519001947068581,,47.0145286,,,,10.296072,4.5199216,,1.9042857142857141,37.092723021073944,28.690166,1.4540341
2020-04-08,,9.519001947068581,,49.2844031,,,,10.533197,4.7497731,,1.7785714285714287,36.885982344690795,30.079377,1.5053673
2020-04-09,,12.980457200548063,,50.8705982,,,,10.73693,4.986968,,1.6685714285714284,35.40434083061167,30.356725,1.4949654
2020-04-10,,11.826638782721568,,50.935221,,,,10.646235,5.1044639,,1.4857142857142858,42.02865666972126,30.952001,1.4458825
2020-04-11,,12.403547991634817,,49.3431511,,,,10.546576,5.2036011,,1.3542857142857143,41.99419989032406,30.792961,1.3931271
2020-04-12,,7.788274320328838,,48.3738097,,,,9.737006,5.2241629,,1.2457142857142858,24.335100449264715,30.253224,
2020-04-13,,7.788274320328838,,46.9499058,,,,9.388993,5.1925859,,1.1442857142857144,27.586501971166843,28.860931,1.2832365
2020-04-14,,9.663229249296892,,46.370504,,,,9.15408,4.9039865,,1.0671428571428572,38.291582942467045,28.325624,1.2235132
2020-04-15,,8.79786543592702,,46.5526227,30.542888,,,9.096809,4.7842875,,0.9971428571428572,42.32863201141829,27.953246,1.1582328
2020-04-16,,6.922910506958968,,45.465051,29.0765671,,,9.22943,4.5588422,,0.9342857142857143,39.24046199713507,27.722084,1.0564944
2020-04-17,,12.403547991634817,,42.7751285,28.7610304,,,9.51183,4.232791,,0.88,47.72861644980179,26.963604,1.0081319
2020-04-18,,10.095911155981828,,41.4004261,28.1289933,,,10.049054,3.9676908,,0.8171428571428571,42.544286342024655,26.352157,0.9617193
2020-04-19,,9.374774644840267,,40.0352702,28.2337284,,,9.390125,3.66367,,0.7528571428571429,32.61556096090738,25.150398,0.9610413
2020-04-20,,11.553981224049247,,38.8338743,28.3328356,,,9.728105,3.6291556,,0.7028571428571428,36.64604892406786,23.683996,1.0368576
2020-04-21,,9.945199028295553,,37.0670292,28.0703594,,,10.677137,3.4756765,,0.6528571428571429,37.567149989342774,23.103621,1.00759
2020-04-22,,11.115222443389149,,32.2915539,27.879106,,,11.067256,3.2788709,,0.6114285714285713,40.31323634282589,22.202774,0.9407843
2020-04-23,,12.87025756602954,,29.2043483,27.8703769,,,11.87877,,,0.5728571428571428,40.64896476848684,21.521955,0.9192005
2020-04-24,,13.309016346689639,,30.1031922,27.8562757,,,12.599369,3.2715274,,0.5385714285714286,47.22579854297306,20.239895,0.876063
2020-04-25,,13.894028054236434,,32.8548001,27.9823128,,,13.459143,3.1797337,,,50.548649114899334,19.490542,0.8734803
2020-04-26,,8.62892268631526,,32.6741501,27.6575717,,,13.015998,3.0923461,,0.49571428571428566,30.430768838754968,18.828672,0.8310991
2020-04-27,,12.259320689406506,,31.8450694,27.5551661,,,13.146664,2.7325148,,0.4771428571428572,38.939424470137375,18.055312,0.7160489
2020-04-28,,11.826638782721568,,30.5562859,27.5309319,,,14.00853,2.4857733,,0.46142857142857147,44.711418805312604,17.908122,0.6855502
2020-04-29,,11.826638782721568,,30.3022009,27.2568962,,,16.510205,2.4329001,,0.44,41.29129678879833,16.782959,0.7064271
2020-04-30,,9.663229249296892,,30.0437099,26.8502748,,,18.421116,2.2221418,,0.42000000000000004,39.645847657427474,16.45387,0.6834498
2020-05-01,,11.970866084949881,,26.9682539,26.6152979,,,20.270695,2.0870215,,0.4,53.705392067884155,16.086056,0.6664958
2020-05-02,,12.836229898319752,,22.6429348,25.9673319,,,20.551399,1.9798065,,0.3742857142857143,49.7597601193614,15.497534,0.6204154
2020-05-03,,10.24013845821014,,20.8334975,25.5806008,,,19.668854,1.8902158,,0.35428571428571426,37.35427975719373,14.542794,0.6043833
2020-05-04,,10.831020041398565,,19.7958615,24.6845188,,,19.09674,1.7962191,,0.33428571428571435,40.95125350692865,13.445516,0.558716
2020-05-05,,10.831020041398565,,19.1562431,24.1199446,,,19.897342,1.7572985,,0.3157142857142857,51.015397445548324,12.768572,0.5490228
2020-05-06,,9.627573370132058,,17.8351482,23.6051401,,,20.078171,1.8483579,,0.30428571428571427,43.41735952812624,11.875792,0.5089013
2020-05-07,,11.232168931820734,,16.9612722,23.0619552,,,20.484549,1.7433459,,0.2928571428571428,46.75181273988633,11.369192,0.4943958
2020-05-08,,15.109941539235036,,16.2239852,22.0691488,,,20.564433,1.7051597,,0.2857142857142857,51.13696605222708,11.10442,0.4546391
2020-05-09,,13.50534597754636,,14.7934722,21.8297991,,,19.785757,1.6544896,,0.27999999999999997,53.09074723099277,10.737527,0.4370426
2020-05-10,,14.307643758390697,,13.937955,21.5452653,,,17.633341,1.5737111,,0.26571428571428574,68.59074458253384,10.401633,0.4151532
2020-05-11,,14.472666143424123,,13.293196,21.3643491,,,16.353369,1.4591526,,0.26285714285714284,40.96274861765796,9.860685,0.4258668
2020-05-12,,13.081063629633341,,12.6991072,20.9275391,,,16.292071,1.4121542,,0.25857142857142856,45.269177193946625,9.98166,0.3884368
2020-05-13,,15.864268657214904,,12.251154,20.6260166,,,15.768975,1.1441166,,0.2542857142857143,45.682594337270345,9.712646,0.3449723
2020-05-14,,10.019538099293623,,11.4426351,20.1660302,,,15.628774,1.0956496,,0.24857142857142858,47.56881005368479,9.094838,0.3692624
2020-05-15,,15.725108405835824,,11.3133896,20.118558,,,15.316068,1.0574634,,0.2414285714285714,53.38248863167452,8.876687,0.3842846
2020-05-16,,12.385262372737952,,11.0960221,20.0477248,,,14.136241,1.0214803,,0.22999999999999998,52.607331487942545,,0.3967624
2020-05-17,,10.297858602051779,,10.8140319,19.7260627,,,12.368115,0.9869658,,0.22285714285714284,42.00490433311982,8.424497,0.380408
2020-05-18,,15.567956937067587,,,19.5981871,,,11.938595,1.1969898,,0.24285714285714283,45.42552328608339,8.12975,0.365524
2020-05-19,,14.72644575128015,,10.5452599,19.5204423,,,11.684966,1.1823028,,0.23999999999999996,50.338966953235094,8.080814,0.3901367
2020-05-20,,15.147201344173867,,10.0671983,19.3551866,,,12.020079,1.0794939,,0.23285714285714285,49.975008163075714,7.922891,0.4226148
2020-05-21,,16.689971851450835,,9.8454248,19.3186093,,,12.270601,1.0148711,,0.22999999999999998,53.43261666958986,7.875212,0.390113
2020-05-22,,16.970475580046646,,9.0626081,19.1681478,,,12.424034,0.8746103,,0.22714285714285712,59.524593562019604,7.615025,0.4545497
2020-05-23,,13.043423379705276,,8.5874839,18.8615421,,,12.052694,0.8716729,,0.22714285714285712,,7.429987,0.4502179
2020-05-24,,10.65914168664087,,8.3671791,18.7034349,,,10.630229,0.8474394,,0.22285714285714284,43.80504010132612,7.23835,0.462136
2020-05-25,,,,8.3664447,18.4254326,,,10.541662,0.5838079,,0.19428571428571426,40.41652019878276,6.889396,0.4865478
2020-05-26,,15.988712529961305,,8.0712362,18.1087035,0.467581,,13.320289,0.4582341,,0.18857142857142856,50.26433145165182,6.545894,0.4745488
2020-05-27,,13.043423379705276,,7.7804338,17.6589299,2.52079,,12.405086,0.5470904,,0.1857142857142857,50.80712419787293,6.277194,0.4838292
2020-05-28,,15.427705072769681,,7.5454419,,,,11.480287,0.5081699,,0.18285714285714283,52.349344857771065,5.795726,0.4831885
2020-05-29,,17.67173490153618,,7.4389612,17.1691408,3.8058659,,10.528024,0.5243256,,0.17857142857142858,58.80254750728891,5.389204,0.437429
2020-05-30,,17.95223863013199,,7.1481588,16.6508956,3.8734897,,9.506328,0.4530937,,0.17285714285714285,59.28502994837435,5.219337,0.4591508
2020-05-31,,9.957882365151338,,6.7964053,16.2403893,3.8515901,,8.102089,0.4215167,,0.1742857142857143,48.446406539704846,5.002102,0.4494148
2020-06-01,,20.19626845889849,,6.5702257,16.0029077,3.3002336,,7.168846,0.4281258,,0.16857142857142857,55.91056653684933,4.62517,0.4284174
2020-06-02,,15.287453208471772,,6.7589535,15.7720989,4.943899,,6.425798,0.4655776,,0.16571428571428573,52.3337382475334,4.474145,0.4303414
2020-06-03,,19.635261001706866,,6.6972681,15.6671717,2.1949405,,6.02783,0.3686435,,0.16999999999999998,53.30766980582907,4.182751,0.4079471
2020-06-04,,18.2327423587278,,6.1685364,15.4578096,2.2021661,,5.729649,0.4486876,,0.16857142857142857,55.88470994680608,3.745345,0.4519288
2020-06-05,,19.35475727311105,,5.818986,15.1433659,1.6861666,,5.620968,0.3980175,,0.17142857142857143,62.58156676800725,3.388759,0.4702831
2020-06-06,,19.214505408813146,,5.6221804,15.0571167,1.6723549,,5.535457,0.3613,,0.1742857142857143,56.26393993410705,2.940539,0.4788059
2020-06-07,,12.622667786811556,,5.3805793,14.826093,1.6678012,,5.136416,0.3870022,,0.17285714285714285,47.53303136283707,2.539762,0.4725545
2020-06-08,,20.19626845889849,,5.2050698,14.430346,1.5419948,,5.165501,0.3341291,,0.17142857142857143,57.74430676688732,2.005865,0.447793
2020-06-09,,21.739038966175457,,4.73068,14.1664344,0.4643963,,5.314093,0.3062238,,0.16999999999999996,58.2166352725653,1.715733,0.447503
2020-06-10,,26.227098623708457,,4.4582363,14.0418317,0.4655493,,5.441347,0.3128329,,0.1657142857142857,59.59926962554997,1.568651,0.4616948
2020-06-11,,22.7208020162608,,4.2291192,13.684022,0.4933256,,5.445193,0.2283827,,0.16857142857142857,60.15747604135123,1.542744,0.4139956
2020-06-12,,28.471128452474957,,4.0433288,13.5676357,0.2869898,,5.351916,0.3187077,,0.16857142857142857,72.28343695075708,1.455019,0.4190214
2020-06-13,,31.6969213313268,,3.9023337,13.3992766,0.2895753,,5.221308,0.3135673,,0.16857142857142857,69.22618335036861,1.554138,0.4377443
2020-06-14,,21.59878710187755,,3.8384452,13.3046515,0.4185448,,4.864331,0.270975,,0.17714285714285713,57.0744590679258,1.567298,0.4587391
2020-06-15,,25.525839302218923,,3.7782286,13.2386912,0.4243827,,4.914495,0.2504132,,0.18142857142857144,66.40771865614926,1.645247,0.4724647
2020-06-16,,27.769869130985423,,3.7400424,13.3370647,0.6708408,,5.282953,0.2577567,,0.18714285714285714,70.14412585326521,1.787874,0.4583699
2020-06-17,,28.19062472387914,,3.661467,13.0945239,0.7515473,,5.437092,0.224711,,0.18857142857142856,70.784158567586,1.775715,0.424083
2020-06-18,,35.62397353166817,,3.5748137,13.180546,0.9214355,,5.707303,0.2379293,,0.19142857142857142,76.0428057338974,1.74128,0.4756332
2020-06-19,,34.64221048158283,,3.5557207,13.0341187,1.2077295,,5.851806,0.1417295,,0.19428571428571426,84.89082555484565,1.809436,0.4518361
2020-06-20,,32.25792878851842,,3.3230536,13.0039736,1.3679245,,5.84259,0.182853,,0.1957142857142857,83.49832194666122,1.832491,0.4087272
2020-06-21,,24.964831845027298,,3.3868202,12.9961812,1.2328767,,5.473888,0.1901965,,0.1871428571428571,72.58316944027148,1.819309,0.4185007
2020-06-22,,27.681059913211733,,3.3368845,13.1076331,1.6285211,,5.701615,0.1923996,,0.18999999999999997,76.58491594219036,1.777328,
2020-06-23,,32.83733577939824,,3.3119166,13.0200437,1.9964508,,5.865248,0.2012118,,0.18857142857142858,81.01864382575036,1.727352,0.4173895
2020-06-24,,33.92286754070065,,3.3221975,13.052158,2.7249135,,5.994844,0.2041492,,0.18857142857142858,88.51130024913081,1.556997,0.4355662
2020-06-25,,30.801963726956195,,3.4183973,12.9435133,2.3753894,,6.1006,0.2048835,,0.1871428571428571,92.11155603054871,1.472654,0.459812
2020-06-26,,35.55116518265429,,3.4250064,12.9249179,2.0879121,,6.246124,0.2078209,,0.1857142857142857,105.51584963200916,1.396548,0.4667052
2020-06-27,,37.04377135444511,,3.4154599,12.8187244,2.0571827,,6.365101,0.1718378,,0.1871428571428571,99.13162517951872,1.415632,0.4505272
2020-06-28,,23.881698748653264,,3.3802111,12.5392438,2.0012315,,6.111073,0.1644943,,0.19142857142857142,82.41922065718498,1.349212,0.4200733
2020-06-29,,34.0812030243912,,3.2619808,12.4473314,1.9170168,,6.599313,0.1608226,,0.18999999999999997,86.35595725354223,1.318381,0.4186592
2020-06-30,,28.471128452474957,,3.2083733,12.2971954,1.6983696,,6.926602,0.0866533,,0.19285714285714284,92.44040157332508,1.296093,0.4257876
2020-07-01,,30.71515828124145,,3.2406847,12.1201371,1.7595888,,7.147269,0.0837159,,0.19714285714285712,95.90982939822253,1.330986,0.4183548
2020-07-02,,34.36170675298702,,3.3332127,12.0899555,1.8961122,,7.062682,0.0771067,,0.19857142857142857,97.55823913592258,1.512862,0.3618851
2020-07-03,,34.64221048158283,,3.4161942,11.7841018,2.0858343,,7.129093,0.1189646,,0.20285714285714285,109.4768456687171,1.476054,0.3282213
2020-07-04,,18.2327423587278,,3.4330843,11.6631135,2.0023732,,8.230956,0.1138242,,0.20428571428571426,69.08649188632876,1.601415,0.3320374
2020-07-05,,23.562313202048237,,3.3721333,11.544409,2.1658061,,7.769448,0.121902,,0.20428571428571426,81.73005348701228,1.707018,0.3444201
2020-07-06,,29.4528915025603,,3.4653957,11.5802108,2.8053691,,7.626753,0.1116211,,0.21,89.24346742678529,1.629374,0.3900637
2020-07-07,,37.58749963183886,,3.512394,11.5658104,3.017923,,7.625284,0.1564165,,0.21285714285714286,95.8479873831972,1.69013,0.3700159
2020-07-08,,32.67868438141214,,3.5615954,11.7017834,3.1022845,,7.548134,0.1586195,,0.21571428571428572,89.06121391944671,1.651752,0.3614355
2020-07-09,,35.48372166737026,,3.3478997,11.8436421,3.2715232,,7.447772,0.1578852,,0.21857142857142858,101.6019909720291,1.557744,0.3253671
2020-07-10,,36.4654847174556,,3.2509656,12.2077657,3.1399236,,7.519003,0.1299799,,,106.73980413128778,1.520899,0.3469852
2020-07-11,,47.966137589883914,,3.253903,12.4253185,3.1922197,,7.203048,0.1277768,,0.22285714285714286,116.90260685002406,1.422217,0.3362577
2020-07-12,,29.73339523115611,,3.3596493,12.8166857,2.9982928,,6.471325,0.1108868,,0.22571428571428573,90.7622466546067,1.335589,0.3676764
2020-07-13,,33.09943997430586,,3.3882889,12.5834419,2.6154172,,6.505543,0.1152929,,0.22285714285714286,97.31639436382169,1.319161,0.328433
2020-07-14,,35.90447726026398,,3.6262182,12.5473997,2.7258717,,6.489423,0.107215,,0.22142857142857145,101.55018240425545,1.314481,0.35749
2020-07-15,,34.92271421017863,,3.7282928,12.5483693,2.4597339,,6.5278,0.1057463,,0.21857142857142858,103.78853755677981,1.345679,0.3719098
2020-07-16,,37.44724776754095,,3.8641475,12.6402597,2.5656531,,6.48937,0.0954654,,0.21857142857142858,108.02232559721351,1.359932,0.394978
2020-07-17,,43.33782606805301,,3.856804,12.5941283,2.4845254,,6.491278,0.0844502,,0.21714285714285714,121.79081252378793,1.329298,0.3813025
2020-07-18,,39.41077386771164,,3.8744284,12.4905792,2.4673804,,6.214092,0.0859189,,0.21428571428571427,106.77301109347898,1.351855,0.3890756
2020-07-19,,24.263572523537768,,3.7459172,12.5797986,2.4388112,,5.661037,0.0888563,,0.21571428571428572,91.43420524207158,1.233067,0.3467567
2020-07-20,,30.43465455264564,,3.7180119,12.6384838,2.4044906,,5.881823,0.07905,,0.21857142857142858,93.99717582831481,1.229829,0.355118
2020-07-21,,35.90447726026398,,3.676154,12.5542833,2.2363946,,5.883554,0.0807785,,0.21285714285714286,,1.259069,0.3465157
2020-07-22,,37.44724776754095,,3.5836259,12.7838482,2.3546919,,5.873522,0.0984028,,0.21571428571428572,107.02700336204298,1.297114,0.3460306
2020-07-23,,36.3252328531577,,3.6144686,12.6768177,2.1183533,,5.940015,0.0984028,,0.21,111.83066644614406,1.335523,0.3562618
2020-07-24,,44.03908538954254,,3.5975786,12.6007699,2.4400196,,6.038711,0.0866533,,0.20571428571428568,125.42511983966709,1.240628,0.3713657
2020-07-25,,41.65480369647814,,3.5946412,12.6484761,2.516917,,6.087729,0.0844502,,0.20571428571428568,119.68330917313756,1.212108,0.3886052
2020-07-26,,30.855410145539363,,3.6196091,12.2862746,2.5313365,,5.825834,0.0829815,,0.19999999999999998,102.66635441408859,1.168606,0.3978886
2020-07-27,,,,3.6849662,12.2775487,2.9407248,,6.386004,0.0822472,,0.1957142857142857,102.60554855226454,1.135092,0.3941037
2020-07-28,,40.25228505349907,,3.44924,12.43481,2.8736518,,6.659216,0.0837159,,0.20142857142857143,111.99571092823794,1.078769,0.4040797
2020-07-29,,37.02649217464723,,3.4565835,12.0569767,3.0229835,,6.824514,0.0528732,,0.19999999999999998,117.96337193868546,1.023614,0.4169772
2020-07-30,,32.95918811000795,,,12.0347646,3.1019523,,6.913955,0.0594823,,0.2057142857142857,118.58011710861524,1.017135,0.4047696
2020-07-31,,44.03908538954254,,3.3515715,12.131246,2.9295988,,6.961647,0.0536075,,0.20857142857142857,130.1853501653224,1.044057,0.3984943
2020-08-01,,39.83152946060535,,3.3537745,12.0488221,2.7873263,,7.024879,0.0528732,,0.2057142857142857,127.13637052243004,1.059706,0.3812585
2020-08-02,,33.52019556719958,,3.3501028,12.4417257,2.8014343,,6.549767,0.0499358,,0.20428571428571426,115.0533771228195,1.221714,0.4187041
2020-08-03,,36.971632538042456,,3.3038387,12.3559732,2.2632473,,7.34362,0.0425923,,0.20142857142857143,108.28116008347719,1.313917,0.392914
2020-08-04,,32.46289686267143,,3.4595209,12.423224,2.2559285,,7.88175,0.0367175,,0.19428571428571426,95.11651448024347,1.299347,0.3816839
2020-08-05,,45.23764794288935,,3.4015072,,1.8399624,,8.108069,0.0602167,,0.18857142857142856,117.42447878750058,1.335632,0.3938713
2020-08-06,,38.474544429832804,,3.3471654,12.1604703,1.6312595,,,0.0506701,,0.18285714285714283,119.51314211230597,1.286417,0.3879181
2020-08-07,,48.99492767236521,,3.3985698,12.0894887,1.5191546,,8.4435,0.0506701,,0.17857142857142855,130.19045836193325,1.255003,0.4109492
2020-08-08,,40.12774751080218,,3.3618524,12.0910589,1.6505282,,8.486368,0.0506701,,0.17857142857142855,124.08913479071767,1.141862,0.4473109
2020-08-09,,32.46289686267143,,3.3501028,11.7212748,1.6068053,,8.230505,0.0425923,,0.17571428571428568,101.55583751065996,1.115125,0.4224737
2020-08-10,,32.428454721770095,,3.2994326,11.7537328,1.7604638,,8.781691,0.0492014,,0.1714285714285714,110.38699979859366,1.048904,0.4725312
2020-08-11,,38.19697791746958,,3.241419,11.4447369,1.8220867,,9.117566,0.0494986,,0.17285714285714285,113.06199554508986,0.890227,0.4488647
2020-08-12,,37.10563569125617,,3.2884174,11.3662067,1.7857143,,9.308165,0.0308427,,0.17285714285714285,111.15128429759257,0.857653,0.4082228
2020-08-13,,41.15919253147743,,3.3133853,11.4226874,1.8315279,,9.488277,0.0286396,,0.17142857142857143,117.51742677220855,0.787714,0.4455584
2020-08-14,,44.12140714548527,,3.3229318,11.3458117,1.8793203,,9.547269,0.0396549,,0.16999999999999996,135.11334035143364,0.794548,0.4060825
2020-08-15,,43.80959508085287,,3.3456967,11.381651,1.7680442,,9.528891,0.0411236,,0.1671428571428571,134.15798472768498,0.804286,0.3704983
2020-08-16,,32.5843607540863,,3.4132568,11.3143216,1.7753677,,8.949814,0.0447953,,0.16857142857142857,112.98383008496496,0.817495,0.3665604
2020-08-17,,33.98751504493212,,3.3633211,11.2169752,1.566247,,9.34562,0.0433266,,0.17285714285714285,113.30463690603356,0.821547,0.3552901
2020-08-18,,40.22375633758021,,3.3545089,11.2663923,1.4930862,,9.67042,0.0477327,,0.16999999999999998,119.21270784354621,0.809205,0.3737096
2020-08-19,,39.4442261759992,,3.3038387,11.3881917,1.516928,,9.610496,0.0455297,,0.16857142857142854,116.48456920475365,0.820393,0.4124924
2020-08-20,,38.041071885153386,,3.2039672,11.2015639,1.5316492,,9.697847,0.0418579,,0.16857142857142857,124.59947840421962,0.746513,0.3937555
2020-08-21,,48.64268208265514,,3.1907489,11.2829927,1.5950473,,9.562636,0.0257022,,0.16857142857142857,147.02408294792582,0.701145,0.4020824
2020-08-22,,47.70724588875793,,3.1312666,11.1450063,1.6202346,,9.438571,0.0220305,,0.17142857142857143,137.06724575029418,0.684857,0.4496133
2020-08-23,,33.831609012615914,,3.1055644,11.4394775,2.2593602,,8.852328,0.0257022,,0.17142857142857143,116.33686743131584,0.673745,0.4427989
2020-08-24,,37.10563569125617,,3.1055644,11.5848267,2.4885255,,9.20283,0.0212961,,0.16714285714285712,109.48653865261498,0.613026,0.4372299
2020-08-25,,33.831609012615914,,3.0864713,11.7174401,2.7009413,,9.377372,0.0337801,,0.16714285714285712,110.54429583630359,0.568665,0.4322519
2020-08-26,,37.72925982052097,,3.0387385,11.8063213,2.7446127,,9.215774,0.0345144,,0.16428571428571428,111.33327865364502,0.503863,0.4139765
2020-08-27,,42.71825285463945,,3.178265,13.4495184,2.7810049,,9.185925,0.0367175,,0.16142857142857145,108.92297949737112,0.45047,0.4898414
2020-08-28,,39.1324141113668,,3.1246574,12.413064,2.6841268,,9.103397,0.0418579,,0.16,116.0411651351441,0.457855,0.5576967
2020-08-29,,50.825366535081976,,3.1114392,11.879098,2.662121,,8.858043,0.0381862,,0.15571428571428572,136.6067392311215,0.547435,
2020-08-30,,30.08986423702706,,3.2039672,11.4170299,2.08302,,8.302136,0.0425923,,0.15571428571428572,106.25257611560004,0.533576,0.4906566
2020-08-31,,28.32058906825262,,3.3860859,11.3875341,1.9842495,,8.382707,0.0771067,,0.15714285714285717,101.41434906715688,0.468,0.488753
2020-09-01,,32.106764077377306,,3.4309162,11.3624069,1.9457452,,8.40859,0.0627967,,0.15857142857142856,117.20974988398468,0.459253,0.506632
2020-09-02,,36.80162108869191,,3.5535544,11.4769129,1.944259,,8.597123,0.0627967,,0.16,115.37205782219309,0.535841,0.4684119
2020-09-03,,40.587796097816586,,3.6414698,11.179759,1.8856953,,8.750765,0.0657518,,0.16285714285714287,124.32424343749226,0.546531,0.4724342
2020-09-04,,43.61673610511634,,3.7899655,10.9885698,2.011164,,8.745968,0.0679682,,0.1642857142857143,145.5452112938953,0.579541,0.4275032
2020-09-05,,50.12895712081079,,3.8830524,11.1218713,2.0453425,,8.572089,0.0709233,,0.1657142857142857,141.47603601421395,0.541091,0.4316725
2020-09-06,,32.40965807810728,,3.9000444,11.4099639,2.1261116,,8.18281,0.0576252,,0.17,118.5136361563988,0.570038,0.4923285
2020-09-07,,38.61898509307176,,3.8128678,11.2607382,2.0762179,,8.564415,0.0332453,,0.17142857142857143,114.87322998593004,0.548074,0.5045103
2020-09-08,,32.71255207883725,,3.7382506,11.1905794,1.8168118,,12.648677,0.0369392,,0.17285714285714285,105.32201140387912,0.503462,0.4947646
2020-09-09,,44.22252410657628,,3.6968786,10.8399741,1.874679,,12.491254,0.0354617,,0.17571428571428568,108.2615109855392,0.557379,0.5159023
2020-09-10,,37.40740909015186,,3.5084885,10.6237243,1.9360116,,12.053081,0.0325065,,0.17285714285714282,107.26156391377211,,0.4677504
2020-09-11,,56.18683713541027,,3.6274329,10.4590344,1.8765564,,11.50469,0.0280738,,0.17285714285714282,140.10465308129378,0.538298,0.4473034
2020-09-12,,55.8839431346803,,3.7057441,10.3700542,1.7665131,,10.566614,0.027335,,0.1757142857142857,153.64703971703563,0.47564,0.4145814
2020-09-13,,44.97975910840122,,3.778145,10.093385,1.7078916,,9.453786,0.027335,,0.1757142857142857,110.1493420951684,0.473098,0.3410267
2020-09-14,,38.46753809270677,,3.8483295,10.2264136,1.8653987,,9.536065,0.0214248,,0.1757142857142857,100.79286233573684,0.433919,0.3061157
2020-09-15,,33.92412808175715,,3.9864822,10.2607383,2.4249751,,9.303281,0.016992,,0.17428571428571424,95.7760230339581,0.51318,0.2798273
2020-09-16,,37.55885609051685,,4.0544504,10.6765458,2.3715675,,8.98485,0.016992,,0.17428571428571424,103.45038385398679,0.52485,0.3268867
2020-09-17,,38.92187909380173,,4.3226293,11.0323538,2.4637503,,8.839005,0.0369392,,0.17714285714285713,106.14298816455688,0.529478,0.3836283
2020-09-18,,51.49198012409567,,4.1748723,11.4062415,2.4975087,,8.559081,,,0.17428571428571432,132.2270442545744,0.641057,0.4106604
2020-09-19,,55.8839431346803,,4.1571415,11.4556007,2.6305732,,8.300365,0.0421107,,,149.6368799434395,0.65886,0.483682
2020-09-20,,39.52766709526168,,4.1704396,11.7566421,2.6143363,,7.759031,0.0465434,,0.17142857142857143,106.35348491847766,0.640167,0.5559743
2020-09-21,,24.685861059492925,,4.1504925,11.8314009,2.4751829,,8.069414,0.0945644,,0.17142857142857143,83.47853446942857,0.687235,0.5677995
2020-09-22,,31.955317077012314,,4.0758752,11.8834556,2.0765693,,8.403349,0.1654878,,0.17142857142857143,96.71007753041756,0.588597,0.617169
2020-09-23,,35.89293908650198,,3.990915,11.7556934,2.1331058,,8.674031,0.1632714,,0.16999999999999998,105.53978835261297,0.60989,0.5542638
2020-09-24,,35.287151085042034,,4.0470626,11.7242827,2.0708126,,9.124472,0.1470182,,0.16999999999999998,109.33387255054745,0.655527,0.5542877
2020-09-25,,59.973012144534955,,4.1719172,11.8764546,2.2107734,,9.229904,0.1462794,,0.17285714285714285,147.7522308477104,0.662835,0.5494028
2020-09-26,,64.81931615621455,,4.3721279,12.2643682,2.1904885,,9.057704,0.1514509,,0.1757142857142857,161.87803174024916,0.669835,0.4796762
2020-09-27,,49.06882811825588,,4.5051091,12.181487,2.3037112,,8.545094,0.1521896,,0.1757142857142857,123.36417017952267,0.685459,0.4050733
2020-09-28,,38.61898509307176,,4.7518632,12.4126207,2.4031107,,8.712297,0.1056462,,0.17857142857142858,105.50019496574333,0.770709,0.387775
2020-09-29,,31.34952907555237,,5.040728,12.4881906,2.5101764,,8.708779,0.0347229,,0.18428571428571425,,0.805101,0.324181
2020-09-30,,36.34728008759694,,5.3473237,12.4325042,2.6096163,,8.77163,0.0443271,,0.18999999999999997,107.48831826292653,0.77717,0.3025459
2020-10-01,,33.166893079932215,,5.5120727,12.7774617,2.8534767,,8.7927,0.0465434,,0.20857142857142857,112.32032227651524,0.842222,0.2952785
2020-10-02,,53.157897128110534,,6.0728102,12.8996323,3.1879955,,9.061682,0.0642743,,0.21,143.55979008529826,0.93832,0.3022495
2020-10-03,,61.9418231492798,,6.4525456,12.8947213,3.1263982,,9.341647,0.0642743,,0.2157142857142857,162.74950191028393,0.925972,0.3306114
2020-10-04,,44.67686510767125,,6.7140754,13.4712771,3.0331492,,9.168907,0.0694458,,0.21999999999999997,112.98591138035486,0.973678,0.3681109
2020-10-05,,39.16678155589256,,6.845579,13.2531312,3.0033074,,10.276682,0.0724009,,0.22142857142857145,94.86112911093956,1.01401,0.4052317
2020-10-06,,37.756777419880436,,6.7993427,13.710963,2.9865631,,10.943218,0.0550762,,0.22142857142857145,97.10004464914255,1.038187,0.4310736
2020-10-07,,38.54011305099828,,7.0637086,14.0124838,2.8363298,,11.625846,0.0536075,,0.2214285714285714,106.06431801556302,1.040991,0.4847664
2020-10-08,,,,7.3971033,14.0080068,2.8830228,,11.937678,0.0499358,,0.2057142857142857,115.23526050858689,1.147515,0.4832542
2020-10-09,,68.30686703347664,,7.3926972,14.2266789,2.4769648,,12.334463,0.0668258,,0.20714285714285713,148.7242702319387,1.188317,0.4922653
2020-10-10,,71.28354243172447,,,14.2077808,2.4723166,,12.347097,0.0704976,,0.20142857142857143,164.26751079523262,1.286963,0.4585306
2020-10-11,,55.77349693559101,,7.1261283,14.0513166,2.4938077,,11.370887,0.0653571,,0.20428571428571426,134.79132661342925,1.304644,0.4396273
2020-10-12,,52.79682153734317,,7.1966259,14.2499655,2.6694411,,11.017724,0.0638884,,0.20428571428571426,108.94807268960155,1.369237,0.4654327
2020-10-13,,31.49009237093762,,7.1966259,14.2199196,2.6061192,,10.735144,0.0638884,,0.19999999999999998,93.62455216471703,1.466011,0.5113469
2020-10-14,,48.25347487685964,,7.1026291,14.276123,2.6876331,,10.495788,0.0660915,,0.1957142857142857,106.45314455907109,1.472781,0.473003
2020-10-15,,42.77012545903468,,6.8265137,14.0951893,2.2977592,,10.334753,0.0807785,,0.19428571428571426,109.91496525229849,1.432952,0.4235456
2020-10-16,,61.726847732086675,,6.9109639,13.7864296,2.2203843,,10.432421,0.0345144,,0.19285714285714284,136.16782492338234,1.429486,0.4039498
2020-10-17,,78.49023023800869,,7.2474779,13.7521621,2.4148091,,10.410305,0.0591028,,0.19428571428571426,165.32136228255706,1.450708,0.387756
2020-10-18,,47.31347211951822,,7.4233087,13.6694332,2.5215955,,9.639853,0.0664906,,0.18714285714285714,121.3536495877757,1.466412,0.3892395
2020-10-19,,39.793450060786846,,7.3900634,13.6070394,2.4258931,,10.813064,0.068707,,0.18571428571428572,94.67035779692108,1.435047,0.3667487
2020-10-20,,32.273428002055475,,7.415182,13.5437465,2.6704848,,10.928772,0.0679682,,0.1857142857142857,100.96793096550324,1.4105,0.3023906
2020-10-21,,33.6834321380676,,7.871751,13.6881275,2.8099289,,10.892476,0.0664906,,0.18857142857142856,103.70750451900409,1.451187,0.2927057
2020-10-22,,39.95011718701041,,8.1332808,13.923752,3.0677061,,10.896347,0.0664906,,0.19285714285714284,110.52197835805812,1.482314,0.321009
2020-10-23,,54.83349417824959,,8.197555,14.1353638,3.4291876,,10.96974,0.0679682,,0.19428571428571426,147.592371442065,1.48698,0.3785038
2020-10-24,,60.473510722298116,,8.5144937,14.4511706,3.3494524,,11.003609,0.0642743,,0.19142857142857142,171.36118727259594,1.546353,0.3851417
2020-10-25,,45.746800857282516,,8.8159178,14.6630236,3.3612848,,10.414932,0.0605803,,0.19428571428571426,123.10850968404789,1.501633,0.4363898
2020-10-26,,32.40965807810728,,9.0641495,14.8471045,3.2992115,,11.473432,0.0546701,,0.1957142857142857,92.59005079549766,1.526579,0.4105893
2020-10-27,,43.16239510402137,,9.4653096,14.8122361,3.1744984,,11.655873,0.0613191,,0.19857142857142857,99.19744031635105,1.559164,0.4596271
2020-10-28,,37.10451508942188,,9.4616157,14.8859878,3.3996271,,11.912764,0.0627967,,0.19999999999999998,101.88196292639634,1.586881,0.5233949
2020-10-29,,33.3183400802972,,9.8007179,15.1771984,3.3506944,,12.218034,0.0598416,,0.20142857142857143,100.89475138592807,1.745515,0.54912
2020-10-30,,48.7659341175259,,10.1656775,14.9885808,3.4641116,,12.417553,0.0731397,,0.20285714285714285,135.3345785477027,1.819152,
2020-10-31,,45.282653109131196,,10.3644106,14.817636,3.4687641,,12.586123,0.0709233,,0.20428571428571426,130.6496536056559,2.014914,0.498985
2020-11-01,,42.55660710256142,,10.5136451,14.8446826,3.5305237,,11.746984,0.0820051,,0.20857142857142857,105.64895433081473,2.068039,0.4830844
2020-11-02,,31.65242307628234,,10.7537501,14.9881373,3.8330024,,12.929791,0.0842215,,0.20714285714285713,92.63138771865552,2.017791,0.4612814
2020-11-03,,38.0131970916118,,10.9665201,15.4486984,3.7666337,,14.477939,0.0797887,,0.2057142857142857,103.58131404104839,1.992827,0.4759482
2020-11-04,,33.3183400802972,,11.2302662,15.4328369,3.9221034,,15.76405,0.0871766,,0.20428571428571426,92.71740442189507,2.171735,0.4585012
2020-11-05,,37.25596208978687,,11.8700538,15.7239931,4.273079,,16.593907,0.1204219,,0.20285714285714285,97.74077989108392,2.023776,0.4035881
2020-11-06,,58.76143614161506,,12.5224007,16.4162624,4.4320565,,17.085301,0.1100789,,0.20714285714285713,132.68936641730704,2.144895,0.4912692
2020-11-07,,67.99970316387929,,13.6357492,17.2663079,4.6246792,,16.87846,0.1152504,,0.21714285714285714,156.0515030171649,2.245899,0.5902613
2020-11-08,,43.31384210438636,,14.7121585,18.1022755,4.7446003,,15.864242,0.1130341,,0.22285714285714286,111.86472256301558,2.284368,0.643043
2020-11-09,,32.561105078472266,,15.8764832,18.7069595,4.7630491,,16.187235,0.1174959,,0.23571428571428574,85.95310772740312,2.43611,0.6643532
2020-11-10,,33.469787080662186,,13.578858,18.6707505,5.1646431,,15.874176,-0.0499358,,0.25142857142857145,97.97543192478278,2.523203,0.6313668
2020-11-11,,59.670118143804984,,18.4688919,19.0244441,5.1099668,,15.721756,0.0403892,,0.27,132.3063288205492,2.559427,0.6401091
2020-11-12,,33.3183400802972,,20.369033,19.1697101,5.1213492,,15.679989,0.0893929,,0.2842857142857143,96.73413780187643,2.565802,0.6691161
2020-11-13,,48.00869911570096,,22.1827494,19.4110644,5.1102515,,15.749081,0.0923481,,0.29714285714285715,126.10853858449934,2.622559,0.6475825
2020-11-14,,64.81931615621455,,23.4216914,19.4845486,5.1774354,,15.889404,0.0953032,,0.31142857142857144,149.18098458929003,2.698417,0.5828587
2020-11-15,,31.955317077012314,,23.8745664,19.212468,5.1988339,,15.465069,0.0967808,,0.32714285714285724,100.59690622630528,2.79994,0.5239172
2020-11-16,,27.714801066792674,,24.4389979,19.3698028,5.2405924,,16.381114,0.0989972,,0.33857142857142863,83.98486495977063,3.014027,0.5422536
2020-11-17,,30.743741074092416,,24.9229019,19.8329604,5.1602896,,16.830239,0.1580999,,0.34571428571428575,84.26944248761461,3.184865,0.5145657
2020-11-18,,31.19808207518738,,25.3831648,20.5762709,5.1868727,,17.374656,0.1640102,,0.34571428571428575,85.5198588978381,3.359571,0.5033572
2020-11-19,,38.0131970916118,,25.8256968,20.6443786,5.0963472,,17.764187,0.1743532,,0.34714285714285714,93.37592337862165,3.576677,0.5278097
2020-11-20,,62.69905815110474,,25.8751954,20.8977966,5.3091797,,18.462094,0.1883901,,0.3485714285714286,118.85854746283178,,0.543426
2020-11-21,,59.06433014234504,,26.4182021,20.9487487,5.405669,,18.819573,0.2083373,,0.35428571428571426,139.12391686990242,4.067245,0.5424657
2020-11-22,,43.01094810365638,,27.5175138,20.9927207,5.6540001,,18.324477,0.2098149,,0.3571428571428572,98.06714080732228,4.199122,0.5272821
2020-11-23,,28.92637706971257,,29.1627873,21.2872201,5.7395943,,19.332767,0.21277,,0.36000000000000004,83.15746255672508,4.406142,0.5598946
2020-11-24,,34.98425708431206,,29.3622592,21.5352447,5.8633048,,19.840824,0.1588387,,0.37000000000000005,92.45178548426782,4.607028,0.6247519
2020-11-25,,34.832810083947074,,30.2170331,21.7678146,5.8166718,,20.205716,0.1551448,,0.3828571428571429,88.95994802076615,4.795981,0.6688211
2020-11-26,,4.240516010219644,,31.3163447,21.8466238,6.19759,,21.221083,0.1758308,,0.39999999999999997,31.210991649076703,5.035341,0.7116065
2020-11-27,,55.73249613431532,,33.1965518,22.0361178,6.480228,,31.829675,0.1758308,,0.41285714285714287,122.13671483448081,5.692852,0.7483903
2020-11-28,,58.76143614161506,,33.6021446,22.131555,6.8345838,,33.255579,0.1713981,,,122.18844575986607,6.065682,0.7301679
2020-11-29,,34.529916083217095,,33.4529101,22.3184802,6.7729791,,30.551968,0.1891289,,0.42,95.3487173058396,6.246663,0.7333501
2020-11-30,,25.443096061317863,,34.4391876,21.186629,7.2460177,,28.710271,0.2046434,,0.4214285714285714,68.53426218558961,6.523676,0.725741
2020-12-01,,27.86624806715766,,36.0682079,22.2495102,7.5267674,,26.604053,0.2312396,,0.42,81.50536257392442,6.758599,0.7198512
2020-12-02,,29.38071807080753,,37.6211334,22.1875434,8.2810867,,24.177031,0.2563583,,0.42,77.42749154882918,6.797911,0.7178246
2020-12-03,,37.25596208978687,,39.7163268,22.5806387,8.3284169,,22.389796,,,0.4185714285714286,,6.867646,0.7524769
2020-12-04,,55.42960213358535,,42.3523106,22.6977214,8.4796961,,20.748712,0.2755667,,0.42285714285714293,110.19795721220076,7.060181,0.724064
2020-12-05,,59.21577714271002,,45.4500348,23.1330326,8.291027,,19.385021,0.2992078,,0.42857142857142855,121.79819883039718,7.366842,0.7456455
2020-12-06,,43.61673610511634,,48.9023757,23.7106587,8.4920587,,17.499642,0.308812,,0.43571428571428567,96.89715661332635,7.761861,0.8142547
2020-12-07,,30.137953072632467,,49.4054881,23.6863931,8.6223306,,17.385813,0.3324531,,0.44571428571428573,74.22489568816556,8.173311,0.8719138
2020-12-08,,31.955317077012314,,50.4013699,24.309945,8.5897958,,16.982222,0.3553554,,0.45,79.04785982272384,8.44816,0.8971568
2020-12-09,,30.440847073362445,,51.2310251,24.6622812,8.6767348,,16.828546,0.3612657,,0.4542857,78.02929158492002,8.570193,0.8892145
2020-12-10,,32.25821107774229,,51.952079,25.0226105,8.8322706,,17.088187,0.3797353,,0.4528571,85.3420891896654,8.648416,0.8119481
2020-12-11,,45.88844111059114,,51.4186764,25.6619185,8.7010451,,17.293444,0.4092867,,0.4485714,113.30483431638227,8.777566,0.7925159
2020-12-12,,56.79262513687023,,51.3787821,25.8986896,8.8777619,,17.612945,0.4225848,,0.4614286,131.22118844800843,8.858356,0.8492977
2020-12-13,,37.25596208978687,,51.7008922,26.1413752,9.0519764,,16.883095,0.4646956,,0.4714286,97.74772798342988,9.231486,0.8966822
2020-12-14,,,,52.9457444,26.7646262,8.8863803,,17.860978,0.4617404,,0.47,,9.462924,0.8249562
2020-12-15,,,,53.3365615,26.5770862,9.1451019,,18.332817,0.4868591,,0.4742857,,9.72528,0.8186222
2020-12-16,,,,53.4555059,26.7715915,8.9058753,,18.566131,0.5177165,,0.4714286,,9.686486,0.8379035
2020-12-17,,,,53.8980379,26.5316598,8.5128726,,18.77491,0.5463561,,0.48,,9.883728,0.8861342
2020-12-18,,,,,26.344225,8.5678749,,20.897762,0.5720583,,0.4885714,,10.069495,0.9276817
2020-12-19,,,,54.3376148,26.4398216,8.5432045,,21.459891,0.5961993,,0.49,,10.010936,0.9293543
2020-12-20,,,,53.3904928,26.6223709,8.4658928,,20.882817,0.5932441,,0.4971429,,10.119915,0.8765795
2020-12-21,,40.1067843,,53.1444775,26.4123424,8.7474196,,21.708274,0.6353548,,0.51,85.5479983,9.975066,0.8835665
2020-12-22,,42.3001241,,53.4614161,26.6185805,8.5295968,,22.140756,0.6604735,,0.52,98.0525116,9.904743,0.8909381
2020-12-23,,49.3501448,,54.2836835,26.448565,8.7091709,,22.495522,0.6915025,,0.5428571,107.5685249,10.279952,0.8748439
2020-12-24,,27.1034128,,55.2448424,26.830436,9.150111,,23.448084,0.707017,,0.5614286,80.8118374,10.440422,0.8535036
2020-12-25,,3.2900097,,55.5374012,26.9474311,9.308988,,26.028581,0.7092333,,0.5842857,27.1499112,10.949288,0.8371585
2020-12-26,,52.0134859,,56.3219905,26.4681994,9.5651272,,33.555443,0.713666,,0.5928571,107.6821229,11.385286,0.7740746
2020-12-27,,36.5034404,,55.3637867,26.2188408,9.7697507,,31.854514,0.7217927,,0.6071429,98.0000818,11.521373,0.8302338
2020-12-28,,51.0639695,,54.2282747,26.3762979,10.3296471,,30.315428,0.7203151,,0.6257143,100.9096824,11.465347,0.8225996
2020-12-29,,44.9888349,,54.8119146,26.6861703,11.0859729,,29.165912,0.7077557,,0.6342857,104.4686288,11.428662,0.8098668
2020-12-30,,53.3626691,,56.5739161,26.5125759,11.6630901,,28.086811,0.7099721,,0.6314286,105.2993411,11.552528,0.8873874
2020-12-31,,41.048207,,58.324097,26.6406634,11.6837654,,27.722617,0.7040618,,0.63,100.28009,11.736798,0.8533021
2021-01-01,,37.7643505,,61.2681541,,11.6910024,,27.922713,0.7350908,,0.6385714,85.9393725,12.179878,0.8761772
2021-01-02,,61.4081177,,64.7552179,27.5758283,11.7816464,,27.972496,0.7277029,,0.6614286,125.2014587,12.802357,
2021-01-03,,40.7198214,,67.8758445,27.4213534,11.7011844,,24.936082,0.7432174,,0.6742857,80.3779723,12.697421,0.8571053
2021-01-04,,28.5695521,,70.0729902,27.2965334,11.4614645,,22.466091,0.7779403,,0.6657143,73.9786385,12.617921,0.8978626
2021-01-05,,35.6298437,,71.8252634,27.4301696,11.4928224,,20.042498,0.7754732,,0.6642857,79.5131567,12.311072,1.0800097
2021-01-06,,32.0176015,,74.5485479,27.9491089,11.6829873,5.1515398,17.703052,0.7912384,,0.6614286,83.7377811,12.14769,1.0448445
2021-01-07,,32.51018,,76.1701803,28.0402606,,5.3917954,15.956122,0.8377819,,0.6614286,87.0775766,12.211232,1.0903392
2021-01-08,,49.7504269,,77.5686114,27.3956706,11.1497988,5.6682669,14.263358,0.827612,,0.6514286,113.4402739,12.092175,1.0857183
2021-01-09,,70.9313017,,79.5072708,27.4965615,11.001297,6.1226577,12.972865,0.8828477,,0.6385714,131.6399905,12.255579,1.0310229
2021-01-10,,37.9285433,,82.5185572,28.2735432,10.9257294,6.6250744,11.214583,0.8946683,,0.6142857,93.5316229,12.315242,1.1617557
2021-01-11,,30.3756732,,84.6883679,28.5833249,10.6290281,6.7015101,10.720774,0.9109215,,0.6042857,74.2192449,12.094937,1.1397336
2021-01-12,,33.6595298,,85.9066239,28.735811,10.0531444,6.7261588,10.505407,0.9397341,,0.5957143,77.0992648,11.802545,0.9625271
2021-01-13,,34.6446867,,84.9373384,28.7272918,9.5919626,7.0753771,10.380862,0.9426893,,0.5928571,79.9444809,11.630144,0.9824237
2021-01-14,,35.6298437,,82.4247316,28.537116,9.4725263,7.5808509,10.684778,0.9692855,,0.5828571,83.0159221,11.861665,0.9572283
2021-01-15,,57.6316826,,82.3575022,28.7509554,9.1669615,8.2173171,10.909413,0.9980981,,0.5671429,114.8875626,11.888834,0.9553974
2021-01-16,,66.3339025,,80.9582439,28.7929133,9.0003043,8.7092917,11.053766,0.9848,,0.5557143,126.0944076,11.864601,0.9878873
2021-01-17,,44.0036779,,79.0270607,28.3000938,9.0128647,9.2697885,10.570492,1.0040084,,0.55,99.7913856,11.855907,0.9023658
2021-01-18,,47.1233417,,78.4589353,28.0766482,9.0068213,9.8904344,10.89135,0.9907103,,0.5514286,96.4725131,11.907716,0.9005795
2021-01-19,,30.3756732,,76.929651,27.6755005,8.7732837,10.6123144,11.536472,0.9966206,,0.55,74.2377631,11.909649,0.898004
2021-01-20,,29.0621306,,74.2811078,27.4297949,8.788798,11.0546421,11.612533,1.0298659,,0.5342857,78.7578709,11.741411,0.8812857
2021-01-21,,35.6298437,,74.0749869,27.3002482,8.4693488,11.7592249,11.850204,1.0003145,,0.5271429,83.0079915,11.78424,0.8959675
2021-01-22,,49.7504269,,71.2786868,27.1500503,8.1998598,12.1381789,12.056003,0.9877551,,0.5214286,109.8760698,11.667174,0.8776222
2021-01-23,,60.0945751,,69.7745211,26.9174668,8.0375783,12.5756387,11.778149,0.9818449,,0.5085714,131.2050564,11.556666,0.9231499
2021-01-24,,35.9582293,,68.8059744,26.4525946,7.8360215,12.7973843,10.941046,0.9862776,,0.4971429,89.0957668,,0.9187342
2021-01-25,,29.9182959,,67.743602,26.3940884,7.3789413,13.2084439,10.820008,1.0091799,,0.48,74.048363,11.086545,0.9102508
2021-01-26,,33.0007869,,66.5017049,26.3539737,7.269183,13.7055064,10.771638,0.9995757,,0.4714286,65.7898907,11.040965,0.9707095
2021-01-27,,37.3525391,,65.9446612,26.0865211,6.7552887,14.3002137,10.686768,0.9604201,,0.4728571,82.4718311,11.113208,0.9068587
2021-01-28,,32.2754949,,65.8523132,25.7232447,6.6882889,14.6682266,10.999309,0.9648528,,0.4628571,77.2961744,11.18427,0.8979817
2021-01-29,,47.6879504,,63.8332146,25.5078406,6.6500185,15.3785449,11.131887,0.9633753,,0.4542857,105.2238788,11.095475,0.8954603
2021-01-30,,75.0677241,,63.0818705,24.9503616,6.6901408,16.0436138,11.024456,0.9737182,,0.45,132.4655482,11.131406,0.8003166
2021-01-31,,40.9789992,,62.2145373,25.0521808,6.6029847,16.6625852,10.221454,0.9648528,,0.4414286,92.5018369,10.95052,0.7225191
2021-02-01,,5.8023362,,59.9686318,24.4298913,6.3035896,17.3477596,10.418467,0.9345626,,0.4385714,35.4743911,10.826528,0.741209
2021-02-02,,18.6762695,,57.6850483,23.701474,6.2291909,17.6668641,9.608765,0.9279136,,,,10.479677,0.6669054
2021-02-03,,30.4622649,,55.3128106,23.5797221,6.7236882,18.2015527,10.213791,0.9308687,,0.4328571,73.6755712,10.622882,0.7082028
2021-02-04,,40.7976762,,50.2794704,23.2598008,6.7162454,18.8818361,10.496196,0.8894968,,0.4328571,87.0481621,10.520762,0.7520593
2021-02-05,,56.9354236,,46.5456526,23.0161569,6.7909814,19.0664722,10.567972,0.8769374,,0.4257143,111.9551573,10.606015,0.7881196
2021-02-06,,72.7105251,,45.511354,22.9318319,6.6674361,19.6380968,10.500212,0.8939295,,0.4157143,135.6076553,10.512941,0.9019519
2021-02-07,,27.1984508,,44.5612768,22.6298154,6.7176601,19.8310714,9.806051,0.8917131,,0.4057143,61.0521938,10.56941,0.9749068
2021-02-08,,28.4677118,,44.5908282,22.4576362,6.8956942,20.0697271,9.681075,0.8562515,,0.3957143,72.4131702,10.732408,0.9651899
2021-02-09,96.6262973,32.0941719,,44.8346272,22.1675718,6.7601351,20.29782,9.721693,0.8555127,,0.3785714,72.517738,10.31568,0.931843
2021-02-10,96.5685264,35.720632,,44.4135199,21.828785,6.1762312,20.8398444,9.683073,0.8599454,,0.3728571,80.6304529,10.126723,0.8706981
2021-02-11,96.8608944,45.5120743,,46.6601642,21.4713309,5.8591607,20.8343761,9.835934,0.8525575,,0.3628571,83.9766211,10.139978,0.8122985
2021-02-12,96.8761766,69.809357,,47.2644901,21.0853614,5.7598774,21.5255752,9.879551,0.8370431,,0.3585714,121.7517225,10.019988,0.8146225
2021-02-13,96.8293736,85.0404894,,45.2424363,20.8695554,5.7631266,21.8710673,9.87842,0.8037978,,0.3528571,146.8479837,10.066397,0.7001184
2021-02-14,96.8712046,58.5673307,,44.0655523,20.4549386,5.7054817,22.7499683,9.355805,0.7705524,,0.3542857,147.5102461,10.14168,0.611085
2021-02-15,96.7623473,50.7704414,,42.2673503,20.1849263,5.7313207,23.5391374,9.33595,0.7646422,,0.3542857,95.5105917,10.107276,0.6506255
2021-02-16,96.7992403,39.5284151,,41.1074584,20.1150431,7.4057783,24.2832723,9.821856,0.7380459,,0.3585714,91.3704892,9.810505,0.6540871
2021-02-17,96.7541584,51.3144105,,40.6205992,19.5144855,7.5958105,24.9211234,9.931082,0.703323,,0.3557143,109.6515746,9.316026,0.6554692
2021-02-18,96.3348404,18.4949465,,40.3036606,19.0804731,5.932432,25.8285439,9.936823,0.7232702,,0.3528571,74.3034845,8.884055,0.6746949
2021-02-19,96.2538741,46.9626583,,40.1987532,18.6746259,5.9196654,25.9509737,9.933043,0.7313969,,0.3542857,113.4772389,8.418524,0.6267296
2021-02-20,96.1901718,74.7050781,,39.8168015,18.5562628,6.0229149,26.6215836,10.137951,0.6988903,,0.3528571,151.5504596,8.179215,0.6514535
2021-02-21,96.0706976,50.5891184,,38.2705251,18.277398,6.0866179,27.0264254,9.543146,0.6818983,,0.3514286,114.7699291,8.060043,0.6644969
2021-02-22,96.1491859,27.5610968,,38.092478,18.0854459,5.6537917,27.2044985,9.807977,0.6745104,,0.35,67.4142623,7.90626,0.6129877
2021-02-23,95.9721955,34.632694,,38.2505779,17.9429616,4.2967258,27.5184975,9.732997,0.6575184,,0.3471429,82.784125,7.672283,0.6022086
2021-02-24,95.9211528,39.1657691,,38.4086778,17.9834111,3.9683768,27.6827525,9.561891,0.6538245,,0.3471429,89.7932675,7.56206,0.6134608
2021-02-25,95.946456,43.1548752,,37.8996552,18.3718316,4.9514239,27.6813382,9.468756,0.6080198,,0.3485714,94.7490519,7.388243,0.6091248
2021-02-26,95.7287536,67.8148039,,37.5310016,18.1812773,4.9277978,28.3618007,9.183112,0.5836399,,0.3442857,128.7117698,7.213214,0.6040225
2021-02-27,95.699287,,,37.3861998,17.5050895,4.7379396,28.9083553,8.904439,0.5821623,,0.3471429,156.0465594,6.983875,0.6146466
2021-02-28,95.5649709,47.5066274,,,17.549911,4.6814749,29.597765,8.152538,0.5865951,,0.3428571,109.9023156,6.930988,0.6655939
2021-03-01,95.496392,32.6381409,,38.6635586,17.4247251,5.0019279,30.5177017,7.847866,0.5836399,,0.3414286,80.6834578,6.915575,0.6276302
2021-03-02,95.4393163,36.264601,,38.2631373,17.1768272,5.1329034,31.6091768,7.756531,0.5732969,,0.3414286,82.3375605,6.701399,0.6350411
2021-03-03,95.387463,32.2754949,,38.5771208,16.6026554,5.9972365,32.3416363,7.448299,0.5710806,,0.34,75.6686382,6.547711,0.6350166
2021-03-04,95.4907615,38.0778311,,37.5243526,15.9776259,5.9139785,33.6098206,7.658295,0.5777296,,0.3385714,94.3188659,6.450923,0.607548
2021-03-05,95.6976097,58.2046847,,37.581239,15.9120665,5.8660868,34.7402766,7.72538,0.5622152,,0.34,128.083567,6.23141,0.6127561
2021-03-06,95.5438753,88.8482725,,37.6432969,16.0615792,5.9525092,35.5007511,7.684187,0.5503946,,0.3357143,164.7713916,6.237306,0.621903
2021-03-07,95.7161441,56.7541006,,37.5184423,15.6050412,5.9345972,36.3231652,7.185179,0.5289698,,0.3357143,122.0885384,6.063822,0.5815318
2021-03-08,95.7209757,35.357986,,36.7826127,15.7664237,5.8987096,37.5604054,7.316963,0.5016348,,0.3371429,87.4936987,5.956395,0.6303135
2021-03-09,95.7100947,37.7151851,,37.1165434,15.6808084,5.866292,38.8463675,7.265658,0.4883367,,0.33,93.8508269,5.982542,0.6536862
2021-03-10,95.5792489,37.5338621,,36.77818,15.7940873,5.8036168,40.1853401,7.266923,0.4698671,,0.3285714,98.1939889,5.942255,
2021-03-11,95.6691265,43.6988442,,36.5572834,,5.9971931,41.4216753,7.420835,0.4720834,,0.3285714,102.7473039,5.961504,0.7561227
2021-03-12,95.5771902,63.1004058,,33.6575534,15.8779462,5.9237637,42.8560559,7.594584,0.4454872,,0.3257143,137.2912031,5.939898,0.8291916
2021-03-13,95.6748947,75.7930162,,35.2274709,15.6640466,6.085069,44.4681154,7.478496,0.4454872,,0.3257143,160.7320189,5.941386,0.8202558
2021-03-14,95.5792259,54.9408706,,34.510111,15.9031828,6.1181435,45.6072916,6.9861,0.4573077,,0.3271429,124.9884963,6.176106,0.7979083
2021-03-15,95.4663602,33.363433,,35.7505305,15.3344294,6.1718905,46.462787,6.995106,0.4558302,,0.3285714,89.7169386,6.247471,0.8571644
2021-03-16,95.363413,36.8085701,,35.6603988,15.0730605,,47.2954812,7.039169,0.4661731,,0.3371429,93.646084,6.004232,0.8117253
2021-03-17,95.4007533,36.264601,,36.0120603,15.0298715,6.1081575,48.6703065,7.055159,0.4440096,,0.3385714,102.000963,5.930471,0.7275133
2021-03-18,95.1513385,37.5338621,,34.7901104,15.0464908,5.9115523,49.4384453,7.296023,0.4248012,,0.3457143,96.9131118,5.966733,0.7684576
2021-03-19,95.0636474,68.358773,,35.4188162,14.7407346,5.9829886,50.1339417,7.488174,0.4284951,,0.35,143.8450547,5.857628,0.7073891
2021-03-20,94.7882898,82.5019674,,32.7710118,14.9645968,5.318304,50.5296163,7.538297,0.4085479,,0.3514286,173.8842861,5.954126,0.7089585
2021-03-21,94.6161414,61.1058527,,30.5901194,14.7587771,5.2931292,51.4556113,7.142099,0.3501839,,0.3542857,130.8379282,5.994754,0.7144144
2021-03-22,94.6689703,31.3688799,,27.3963531,14.7606618,5.8001677,52.2010494,7.285043,0.3169386,,0.3557143,90.7851463,5.918807,0.6413109
2021-03-23,94.6968806,42.4295832,,24.8830075,14.930603,5.783655,52.9829264,7.365742,0.2615298,,0.3657143,95.6431852,5.803123,0.6902818
2021-03-24,94.5758351,42.0669372,,40.4432909,14.9137674,5.8412711,53.301076,7.527748,0.4041152,,0.3757143,92.4073998,5.976998,0.8186084
2021-03-25,94.6673167,45.6933973,,42.6862413,15.1516101,5.8337997,54.0827564,7.644134,0.3900783,,0.3828571,100.5535548,6.049833,0.7950306
2021-03-26,94.5788805,59.8365917,,44.8892972,15.3616427,5.9957217,54.9221758,7.70668,0.3789966,,0.3942857,134.5598268,6.174004,0.859155
2021-03-27,94.770761,80.6887373,,46.3868138,15.5741029,6.0121735,55.518259,7.785275,0.3893395,,0.4028571,159.0331787,6.223872,0.8748192
2021-03-28,94.9336084,54.5782246,,50.2100247,15.7985463,6.0277677,56.2063018,7.361547,0.4366218,,0.4157143,113.8804549,,0.8958451
2021-03-29,94.9516347,42.8031767,,54.6028385,16.0409121,5.8254906,56.9398554,7.59061,0.5252759,,0.43,107.3640174,6.498168,0.9074179
2021-03-30,95.0913694,50.6006547,,56.49856,16.0421776,5.847159,57.7656069,7.450678,0.5511334,,0.4371429,115.7859176,6.541465,0.91474
2021-03-31,95.3006074,56.4072872,,41.8299898,16.4044442,5.909979,58.5827516,7.458506,0.4284951,,0.4442857,115.3861163,6.597443,0.8469392
2021-04-01,95.2430696,63.8729575,,42.2872975,16.5419691,5.8049362,59.2143334,7.476093,0.4314503,,0.4442857,127.545289,6.563067,0.8406538
2021-04-02,95.2901884,76.4816452,,42.2717831,16.4802917,5.9139364,59.9667509,7.135533,0.4499199,,0.44,147.4310554,6.24438,0.7460819
2021-04-03,95.1281639,88.7585254,,41.5780642,16.0519182,5.8306895,60.8555211,7.285988,0.4595241,,0.4385714,155.1750317,6.174564,0.7189105
2021-04-04,94.9230483,21.8992997,,40.6368525,16.0676914,5.5772383,61.7847471,6.971652,0.4543526,,0.4285714,84.1233971,6.091167,0.7747511
2021-04-05,94.8170517,44.130407,,39.097964,16.0236104,5.4309282,62.9696473,6.953441,0.4055928,,0.4185714,104.3801489,6.114071,0.7800658
2021-04-06,94.6286729,41.4759464,,39.2206022,16.2607653,5.2297127,63.9343397,7.241641,0.3996825,,,102.6854674,5.839266,0.7468881
2021-04-07,94.5523623,41.1441389,,38.373955,15.9638792,5.270835,64.9220517,7.256698,0.4018989,,0.3857143,103.4279825,5.761668,0.7179493
2021-04-08,94.5932147,49.7711357,,38.0466733,15.8901284,4.3716391,65.6323208,7.214905,0.3871232,,0.3757143,105.1401349,5.713221,0.6548383
2021-04-09,94.5227767,72.4999544,,38.507675,15.441327,5.7048636,66.2425388,7.08888,0.384168,,0.3685714,133.4430625,5.639765,0.7449311
2021-04-10,94.6594944,71.1727241,,38.315591,15.4274731,5.7964099,67.3227914,6.91728,0.3583106,,0.36,135.8365817,5.699761,0.7706461
2021-04-11,94.6985759,57.9004212,,37.5723736,15.2451926,5.8288577,68.0647456,6.346549,0.3575718,,0.3528571,107.9704276,5.571802,0.8080092
2021-04-12,94.4622406,35.3375064,,36.8129029,15.5219945,4.7041495,68.1533369,6.17548,0.3679148,,0.3471429,85.7785996,5.601705,0.8313623
2021-04-13,94.5809396,40.1487162,,36.0608201,15.3243592,4.7616456,68.8017493,6.085533,0.3730863,,0.3457143,,5.364333,0.8420239
2021-04-14,94.399087,46.6189638,,35.6301086,15.2270066,4.7350477,69.4972027,5.819357,0.3745638,,0.3442857,95.5598377,5.371836,0.8736879
2021-04-15,94.330476,39.3191972,,34.3756522,15.0055655,5.0865626,70.2794764,5.86809,0.384168,,0.3385714,91.080741,5.494842,0.8902704
2021-04-16,94.2703897,75.3203187,,32.6631492,15.5493976,3.8139652,70.9448619,5.852244,0.3649596,,0.3328571,133.9916999,5.34187,0.8245719
2021-04-17,94.2811039,79.7997209,,31.9945491,15.4791904,3.7073691,71.5965825,5.635584,0.3708699,,0.3242857,161.2648068,5.266571,0.8169727
2021-04-18,94.185357,59.2276515,,31.263891,15.5698252,3.669183,72.4977913,5.170031,0.3427961,,0.3214286,123.5346986,5.231715,0.7583892
2021-04-19,94.0882829,35.1716026,,30.8169263,15.19908,4.0191302,73.6363893,5.164308,0.3125059,,0.3142857,87.3311136,5.158889,0.7350138
2021-04-20,93.9704788,35.6693139,,30.4866895,14.9825978,3.8154524,74.011829,5.24938,0.3206326,,0.3085714,87.6879579,4.924016,0.7430762
2021-04-21,94.1303696,46.9507714,,29.1805181,14.939457,4.006665,74.6027347,5.221698,0.2829545,,0.3,92.4923006,4.901454,0.695907
2021-04-22,94.0649804,39.1532934,,27.8573547,14.9766782,4.0643501,,5.193331,0.3036405,,0.2914286,98.9851261,4.774701,0.7208648
2021-04-23,94.0266739,74.4907998,,26.751394,14.3966408,3.5161216,76.1470203,5.144388,0.3095508,,0.2842857,139.0300189,4.787802,0.7056906
2021-04-24,93.765778,104.3534812,,24.939894,14.2904617,3.3876353,76.5232165,5.036999,,,0.2814286,157.3509272,4.784152,0.6123345
2021-04-25,93.5867297,54.4164417,,,13.5486988,3.3341031,76.6237672,4.729354,0.3102896,,0.2757143,121.4837238,4.771337,0.5750773
2021-04-26,93.6441577,36.6647367,,22.2847017,13.3081064,3.8121286,76.9329226,4.714108,0.3058569,,0.2714286,89.3238333,4.671533,0.5264816
2021-04-27,93.5302688,48.1120979,,21.3508779,13.1584181,3.6652929,77.730551,4.784165,0.3147223,,0.2657143,91.7574884,4.405682,0.4375384
2021-04-28,92.9224179,54.5823455,,20.4214867,13.3918033,2.8616379,77.8846074,4.664311,0.2999466,,0.2585714,98.0415335,4.145922,0.4737366
2021-04-29,92.6038914,48.1120979,,19.4307764,13.3593093,2.6286639,78.3313883,4.741884,0.2792606,,0.2571429,99.9623826,4.014206,0.4777317
2021-04-30,92.370646,79.4679134,,18.6609628,13.7173506,2.5924961,78.5453091,4.835043,0.2703952,,0.2557143,139.318062,3.769983,0.4927578
2021-05-01,92.3267968,100.3717904,,18.464446,13.7771629,2.8157295,78.637542,4.622275,0.2652237,,0.2514286,163.5937715,3.724516,0.550256
2021-05-02,92.2803975,52.7574039,,17.5498306,13.8483372,2.8218772,78.8122198,4.091701,0.2637461,,0.2442857,121.5784548,3.43681,0.5425163
2021-05-03,92.0065751,46.45306,,17.1205967,13.5820352,2.2537294,79.3363433,4.102638,0.2807382,,0.24,89.661055,3.275202,0.5479877
2021-05-04,91.5321448,46.9507714,,16.3057171,13.587327,2.2527222,79.3332092,4.187411,0.2696564,,0.24,97.7631666,3.176633,0.6556039
2021-05-05,91.7494548,,,15.8388052,12.7420332,2.3585816,79.4962954,3.945157,0.2932975,,0.24,98.0494296,3.083859,0.6081287
2021-05-06,91.7155518,54.5823455,,14.9123692,12.0209248,2.4130191,79.5474575,3.980863,0.2674401,,0.2357143,107.4180383,3.020966,0.5836915
2021-05-07,91.6064307,86.1040648,,13.917965,11.6295718,2.4524525,79.6267543,4.121165,0.2600522,,0.2328571,141.9517709,2.910923,0.581477
2021-05-08,91.512214,114.639516,,13.321027,11.6443749,2.3068167,79.5705585,4.09819,0.2534032,,0.2285714,176.1038195,2.850117,0.5855142
2021-05-09,91.2428129,53.5869228,,12.9863575,11.7284059,2.247456,79.6818614,3.844628,0.2423214,,0.2257143,157.0456405,2.81076,0.5694324
2021-05-10,90.9824923,47.7802903,,12.4137993,11.8034765,2.4597322,79.5984575,3.996179,0.2245905,,0.2228571,93.310496,2.693716,0.5841691
2021-05-11,90.9112606,52.4255963,,11.8604496,11.8775804,2.4549348,79.5952797,,0.2112924,,0.2185714,98.9386105,2.535083,0.5013024
2021-05-12,90.9414672,51.2642698,,11.581189,12.1519663,2.3096528,80.0590196,4.149689,0.2112924,,0.2142857,102.5895137,2.380459,0.4877434
2021-05-13,90.8567049,57.9004212,,11.2435644,12.1450041,2.2094495,80.0741386,4.245433,0.2164639,,0.2128571,115.1465395,2.361449,0.5124887
2021-05-14,90.6511157,83.4496042,,10.9591323,11.9762862,2.0354458,80.168835,4.349285,0.2149863,,0.2085714,142.021003,2.346505,
2021-05-15,90.2146304,101.6990207,,10.0253084,11.4727095,1.886691,81.0648638,4.260374,0.1913452,,0.2057143,158.2462761,2.36374,0.4994235
2021-05-16,89.5803054,57.2368061,,9.6418791,11.1742147,1.8667958,81.2974735,3.948005,0.1943004,,0.2042857,126.602224,2.2648,0.5586391
2021-05-17,89.6246503,48.9416168,,9.4246764,10.9053767,1.7356848,81.6520432,4.018111,0.1913452,,0.2014286,97.347034,2.241209,0.54015
2021-05-18,89.3404763,59.5594591,,9.4726974,10.6730147,1.6486024,82.1103984,3.884826,0.1832186,,0.1957143,103.6049954,2.073892,0.590193
2021-05-19,88.4769802,52.9233077,,8.9651524,10.2403417,1.4937446,81.9226321,3.741663,0.1603163,,0.1957143,105.7142247,2.001729,0.6037579
2021-05-20,87.4347775,48.2780017,89.0727651,8.564731,10.2249989,1.4252696,82.3612893,3.769666,0.1492345,73.4304993,0.1957143,110.194158,2.038859,0.5302344
2021-05-21,86.2915924,80.4633361,88.004959,8.1953387,10.1575384,1.515493,82.5625427,3.707569,0.1403691,72.7074696,0.1957143,137.1870638,2.106867,0.6041549
2021-05-22,84.9349321,83.4496042,87.9936084,7.8473711,,1.5617901,82.3238479,3.50878,0.1448018,70.0319093,0.1942857,153.0062837,2.043256,0.5997174
2021-05-23,83.5109315,52.7574039,88.396026,7.271119,9.9349594,1.5533213,82.7203748,3.194012,0.1307649,68.6422172,0.1928571,124.6014145,2.085279,0.5452669
2021-05-24,81.9799316,46.7848676,88.1604252,6.9770827,9.853373,,82.329939,3.191847,0.1300261,67.3560784,0.19,99.7740102,2.023732,0.5147307
2021-05-25,80.4903185,49.1075206,88.1653017,6.530118,9.7681185,3.5909091,82.3001115,3.194808,0.1196831,65.1319663,0.1914286,103.4903456,2.042756,0.5064395
2021-05-26,79.0033028,52.9233077,88.3751117,6.2057915,9.6140055,3.7909152,82.8749035,3.188284,0.1218995,64.0948395,0.1914286,99.1284496,1.92969,0.4771816
2021-05-27,77.4740364,56.2413834,88.2688762,5.8393543,9.7699745,3.9307247,83.0065602,3.160376,0.1182056,61.5447103,0.1914286,120.3708833,1.908653,0.535339
2021-05-28,76.4737601,89.4221405,88.8403714,5.3687484,9.4573857,3.9190821,83.3613521,3.128338,0.1189443,59.2026183,0.1985714,149.2204637,1.835579,0.4223331
2021-05-29,75.5523696,111.8191516,88.9497212,5.0311238,9.2312557,3.8540908,83.6871909,2.965632,0.1174668,57.5169804,0.2042857,161.1546113,1.806342,0.4133277
2021-05-30,74.906409,84.2791232,88.8769511,4.8434725,8.9479062,3.8058228,83.9226228,2.685284,0.1145116,55.7305462,0.2057143,138.2284857,1.777485,0.4282701
2021-05-31,73.8877733,53.9187304,89.2753133,4.5243175,9.0195709,1.479055,84.1460938,2.563261,0.1034299,54.0502372,0.2085714,118.7575663,1.783941,0.4648676
2021-06-01,72.714792,45.1258297,89.4296486,4.1881705,8.7251594,1.4261745,84.2439726,4.022176,0.1093401,53.4307682,0.21,99.4485945,1.785731,0.5274526
2021-06-02,71.9842608,36.8306404,88.9727563,3.8202557,8.8227619,1.4350028,83.8084963,3.940701,0.096042,51.9408359,0.21,101.0482572,1.654988,0.5874631
2021-06-03,71.9093743,38.6555821,89.165191,3.3407844,8.6784492,1.3508478,84.0028891,3.727686,0.0945644,50.504932,0.2128571,105.4647172,,0.566166
2021-06-04,71.25156,54.5823455,88.965488,3.2181462,8.7557432,1.1748634,84.0718344,3.497783,0.116728,49.5156953,0.2071429,130.2160197,1.350471,0.5346783
2021-06-05,70.2716437,56.2413834,89.0621455,3.1915499,8.7675309,1.2515988,84.2172804,3.205084,0.1159892,47.7795555,0.2014286,137.8926618,1.236148,0.4511622
2021-06-06,,44.6281184,89.020599,2.9603103,8.9313174,1.2308534,84.2006663,2.798472,0.1285485,46.3337681,0.1985714,110.0811351,1.047176,0.4265715
2021-06-07,68.8479858,28.8672587,88.7211976,2.9514449,8.6490159,1.0463045,84.2156524,2.6372,,44.4093021,0.1971429,92.7395987,0.849835,0.4165737
2021-06-08,67.925645,40.6464275,88.7984873,2.9425795,8.5415412,0.9818482,84.5153641,2.456074,0.1122953,42.4962148,0.1971429,96.6183744,0.7448,0.4081402
2021-06-09,66.9138888,35.6693139,89.266068,2.9699145,8.1595677,0.9357403,84.9152404,2.424139,0.1115565,41.543669,0.1957143,99.1808236,0.760015,0.3564951
2021-06-10,65.5865296,37.4942556,89.2766175,3.0016822,7.8934628,0.8745186,84.7198507,2.350781,0.1071238,41.0069131,0.1885714,100.9973544,0.801195,0.3452274
2021-06-11,64.450237,51.7619812,89.3667936,2.933714,7.8979347,0.9994874,84.6931228,2.306208,0.0783112,,,123.0151111,0.833637,0.4091313
2021-06-12,64.6433355,66.5274181,89.3924705,2.6411553,8.0045405,0.9197181,84.4662806,2.19925,0.0805275,39.038531,0.1785714,136.4942957,0.860755,0.5608927
2021-06-13,63.7361158,35.5034102,88.8769617,2.5347703,7.9246324,0.934179,84.0891893,1.921517,0.0635355,38.2319456,0.1742857,110.5889877,0.831898,0.5787165
2021-06-14,63.1061352,35.3375064,88.9703365,2.4217363,7.8997258,0.872708,84.0967806,1.882098,0.0620579,37.6721018,0.1714286,94.9715921,0.760361,0.673431
2021-06-15,62.7227747,40.3146199,88.8671065,2.3286494,7.6634565,0.9606587,83.9799556,1.951966,0.0664906,36.8668442,0.1728571,,0.649995,0.7078134
2021-06-16,62.8629205,45.9553487,88.4117132,2.2318686,7.9351001,0.9818875,83.5626633,2.073981,0.0620579,35.9475889,0.17,109.4081846,0.613523,0.7617652
2021-06-17,62.4808623,42.4713692,88.5931853,2.1609453,7.7984352,1.1664565,83.6171906,2.033709,0.0620579,34.3381807,0.1714286,116.0793086,0.575009,0.8207494
2021-06-18,61.8821718,53.5869228,88.1058928,1.959257,7.6708377,1.1127596,83.299676,1.909414,0.0554089,33.2300138,0.1728571,142.7900689,0.528726,0.8786586
2021-06-19,59.7441434,60.8866894,88.3134182,1.9252729,7.3247207,1.094434,83.8143275,1.946147,0.048021,32.2779473,0.1757143,143.254071,0.457837,0.7292586
2021-06-20,58.5801278,40.8123313,89.0031026,1.8706029,7.2088653,1.0370836,84.2364406,1.875966,0.0421107,31.8067504,0.18,134.2016534,0.475678,0.7166257
2021-06-21,57.2799258,44.2963108,88.9806454,1.8115001,7.379701,1.1361028,84.6046818,,0.0413719,30.7270788,0.1785714,110.3350654,0.442298,0.6306041
2021-06-22,56.7498706,48.1120979,89.1085088,1.7612627,7.4366638,1.1000227,84.8175858,2.294535,0.0428495,30.8845353,0.1728571,118.104406,0.410818,0.5928981
2021-06-23,55.4407064,53.5869228,89.3722466,1.7280174,7.5492632,1.1410788,85.2635461,2.322649,0.0465434,30.1668672,0.1714286,124.3963553,0.370654,0.5790834
2021-06-24,54.332323,49.4393282,88.6489745,1.691817,7.6992092,1.1430592,84.9665132,2.407832,0.0339841,30.2804079,0.1685714,129.2804374,0.411087,0.5345814
2021-06-25,53.3032664,61.0525932,88.7822697,1.6519226,7.8974191,1.0977337,84.9328644,2.460923,0.0347229,29.6654829,0.1671429,147.8260446,0.389617,0.5419974
2021-06-26,53.3529694,65.2001878,88.8032061,1.6149834,8.1520336,1.0290987,,2.466266,0.0332453,28.8683523,0.1657143,137.3973995,0.380233,0.5954325
2021-06-27,52.7929881,42.8031767,88.9033372,1.6829516,8.1500851,1.0759045,85.0835531,2.413219,0.0428495,27.3105693,0.1614286,111.621265,0.401416,0.6475151
2021-06-28,52.3433878,34.5079874,88.9826645,1.7028987,8.2864739,1.2788676,85.1499102,3.024492,0.0428495,27.3059155,0.1614286,112.502885,0.383093,0.7384338
2021-06-29,50.7150528,41.807754,89.1921334,1.6977272,8.610522,1.3506425,85.3466909,2.922276,0.0325065,25.9006245,0.1614286,112.1025499,0.379145,0.6680614
2021-06-30,49.8599982,49.1075206,89.2415829,1.7265398,8.3037889,1.4214739,85.3414399,2.795518,0.0295514,24.7804525,0.1614286,116.2364456,0.380806,0.6991639
2021-07-01,49.1570609,47.2825789,89.8773132,1.7221071,8.2332609,1.7672414,85.9606749,2.73066,0.0406332,22.8947956,0.1628571,116.8108395,0.348444,0.7082197
2021-07-02,48.4606672,67.5228408,90.0894809,1.8336636,7.8603934,2.0238469,86.3499544,2.716118,0.0354617,22.1600043,0.1628571,144.9561424,0.327705,0.6326101
2021-07-03,47.8258708,73.8271847,90.0785227,1.7908141,7.8682548,2.1074646,86.3689739,2.720269,0.0317677,21.4427792,0.1657143,136.8798156,0.351225,0.633595
2021-07-04,47.8043431,35.1716026,89.7699091,1.7679118,8.0100349,2.2645813,85.9017119,2.674246,0.027335,21.4113158,0.1657143,99.8662184,0.381362,0.6508584
2021-07-05,46.938871,49.9370395,89.6620828,1.8129777,7.7205348,2.4241303,85.6001355,2.727413,0.0243799,20.4962924,0.1685714,111.7965794,0.369458,0.6185672
2021-07-06,47.0081876,36.4988329,89.3796536,,7.473496,2.5636008,85.1852299,3.341601,0.0258575,19.8396382,0.17,103.1006189,0.362541,0.713974
2021-07-07,46.2235513,51.9278849,89.4127709,1.8935052,7.4411201,2.5318902,85.4533601,3.18859,0.0280738,19.4568581,0.1728571,110.0798174,0.352102,0.664371
2021-07-08,46.1968853,55.9095758,89.2822892,2.0974098,7.3388694,2.3317113,85.1041349,2.984803,0.0229023,19.8292427,0.1757143,111.5636519,0.397462,
2021-07-09,46.2395633,60.5548818,89.2986511,2.2754569,7.6093315,2.407932,85.131296,2.830989,0.0251187,19.3502984,0.18,136.3229838,0.383509,
2021-07-10,46.0989617,56.2413834,88.9921765,2.6049549,7.7759267,2.8080808,85.0222749,2.678964,0.0302902,19.2477108,0.1814286,134.571714,0.365928,0.6619424
2021-07-11,45.5215706,44.4622146,89.1307031,2.9329753,7.7123789,2.8116398,85.1968337,2.358164,0.0251187,19.0711249,0.1871429,120.2078507,0.421062,0.6147922
2021-07-12,45.7957258,37.162448,89.5115944,3.1257981,7.9914582,3.0647986,85.5215101,2.189791,0.0236411,18.4601074,0.19,108.4088164,0.459729,0.5894842
2021-07-13,45.7393506,43.9645032,89.6459271,3.37994,7.8457296,3.4070639,85.8085478,2.009354,0.0236411,18.4018258,0.1928571,114.9152215,0.410816,0.5385813
2021-07-14,45.5635086,49.2734244,89.4559529,3.6592006,8.2407723,3.4724598,85.5435433,1.927065,0.027335,18.1390762,0.1957143,116.9959067,0.459335,0.5275855
2021-07-15,45.110487,40.8123313,,3.8682767,8.9156251,3.512605,86.1205299,1.85125,0.0280738,17.8391107,0.1957143,120.5433044,0.496737,0.755405
2021-07-16,44.5936352,,89.8700309,3.8475907,8.7388932,5.3181714,86.4385118,1.868855,0.0251187,17.5438098,0.1985714,141.6230334,0.65485,0.8041421
2021-07-17,43.8442569,58.7299402,90.1102376,4.316719,8.6343859,5.2828903,86.5576138,1.901536,0.0236411,16.5670254,0.2014286,146.5774519,0.693059,0.801339
2021-07-18,43.5240611,43.9645032,90.0775803,4.5760324,8.9500409,5.3563374,86.3067594,1.753776,0.0295514,15.7139221,0.2042857,129.1389221,0.784821,0.8431015
2021-07-19,43.2508638,35.5034102,89.982723,4.7821534,9.0924547,,86.3396392,1.987926,0.031029,15.7387171,0.2085714,110.2406754,,0.900972
2021-07-20,42.6500578,37.8260632,90.0611069,5.1338149,9.7591515,5.5869074,86.4165995,2.165092,0.0295514,15.764485,0.21,115.0804268,0.729865,0.908287
2021-07-21,42.894575,61.5503045,89.6221122,5.4633129,10.2818172,5.8160304,86.1882612,2.359563,0.0265962,15.3832843,0.2114286,114.2709613,0.656185,1.0322944
2021-07-22,43.3216266,41.807754,89.7382182,5.9715967,10.2023786,6.0829592,86.0434917,2.532053,0.0280738,15.1997511,,113.9045717,0.582079,0.9386951
2021-07-23,43.9606356,55.5777682,89.5204338,6.7199856,10.9392974,4.8377997,85.7896035,2.658953,0.0295514,15.3910117,0.22,132.9483118,0.592533,0.9798161
2021-07-24,44.6391085,61.7162083,89.6500592,7.1115415,11.3858604,4.836043,86.0222617,2.7784,0.0280738,15.6404119,0.2271429,134.5842841,0.58516,1.0167427
2021-07-25,44.8892654,59.0617477,89.5576179,6.9091145,11.4465515,4.9048913,86.0175098,2.78068,0.027335,16.2891379,0.2328571,122.6127159,0.576263,0.9771624
2021-07-26,44.8259818,32.4096581,89.5199929,8.1643097,11.4462371,5.1499348,86.0565798,3.020641,0.0295514,16.6425229,0.2371429,106.252891,0.649429,0.9307135
2021-07-27,45.1966067,33.6212341,89.2156869,8.5314857,11.2999573,6.3493816,86.0375869,3.081248,0.027335,15.8614774,0.2414286,107.4741886,0.723431,0.8664401
2021-07-28,45.3144297,48.7659341,90.422368,9.0390308,10.5545535,6.3959717,86.2989534,3.118065,0.031029,16.1188376,0.2457143,109.0092919,0.869869,0.7783146
2021-07-29,45.4625801,40.8906901,90.0186588,9.7563908,10.6599392,6.3641779,86.2165689,3.214666,0.027335,16.2653735,0.2485714,113.156615,0.977995,0.769902
2021-07-30,45.5132454,48.1601461,90.2219041,10.3828802,10.6455707,6.651906,85.9634051,3.495261,0.0302902,16.3103613,0.2514286,130.6618805,1.048104,0.708751
2021-07-31,46.1489987,53.0064501,89.8023137,11.2509522,10.8721514,6.9171083,85.5750797,3.753848,0.0347229,16.6352102,0.2542857,132.9263698,1.186011,0.7044899
2021-08-01,46.8149845,41.4964781,90.1685416,12.5091026,11.1161439,7.1480871,85.9294315,3.809918,0.0347229,16.4810176,0.2614286,119.5345024,1.26511,0.7523726
2021-08-02,47.405171,40.1334551,89.5815408,12.3473087,11.5814678,6.9490346,85.8510705,3.829031,0.0347229,17.1521818,0.2642857,110.7287315,1.363797,0.7511319
2021-08-03,,37.1045151,90.2803162,13.3941666,11.7938455,6.8716844,86.0369667,3.858472,0.0435883,19.0458448,0.2714286,,1.428379,0.812388
2021-08-04,49.6907504,55.7324961,90.5761506,14.1713681,12.3911439,6.9747639,86.3286987,3.933171,0.0391556,21.1370354,0.2785714,,1.470345,0.8405082
2021-08-05,50.1543581,43.6167361,89.9971462,14.8562216,12.8790342,7.3504666,85.9347966,4.121464,0.0487598,20.065414,0.2842857,114.3614184,1.631307,0.7914742
2021-08-06,50.6093914,51.3405331,89.6861973,15.7146894,12.6355953,7.125,85.9842532,4.294885,0.0458047,18.8923998,0.2914286,135.0575009,1.814259,0.7389078
2021-08-07,50.6404849,53.3093441,89.4290423,16.7630249,12.819694,7.0044817,85.9918345,4.437643,0.0650131,19.0070533,0.3028571,137.0102833,1.962201,0.7413128
2021-08-08,51.0956936,57.2469661,89.6194435,17.5047647,12.7288989,6.9635686,86.1243351,4.460023,0.0694458,19.0172888,0.3085714,124.1509127,2.076809,0.6508103
2021-08-09,51.8782834,44.2225241,89.7801865,17.2639209,12.3533844,7.5299526,86.1949403,4.649151,0.068707,19.1004028,0.3171429,108.828912,2.240439,0.6754601
2021-08-10,52.7467376,33.6212341,89.7318266,16.4808091,12.462774,6.412603,85.9992659,,0.0664906,18.8654525,0.3257143,107.3690952,2.222216,0.636893
2021-08-11,53.3074912,42.7080541,89.5909197,19.2342597,13.0042602,6.691903,85.9048434,4.655055,0.0908705,18.3687777,0.3357143,109.7679754,2.282071,0.6551537
2021-08-12,53.594216,39.3762201,89.6964321,20.2234924,12.7344365,6.4773452,86.1772145,4.709738,0.1026911,19.3169187,0.3457143,112.6961458,2.376913,0.5888222
2021-08-13,54.7189648,47.7058051,89.8863299,20.890615,12.8498665,6.3672439,86.5169124,4.929719,0.1093401,20.5216289,0.3471429,137.6496216,2.471301,0.6432812
2021-08-14,55.358772,66.0308922,90.2198658,20.9726201,12.4872795,6.304553,86.8083019,5.021814,,21.0670039,0.3457143,138.4350201,2.586,0.6426685
2021-08-15,56.0237143,42.4051601,90.0527861,21.5806399,12.4582604,6.4413265,86.7676828,4.885977,0.1004747,20.9047248,0.35,121.352603,2.558225,0.6793715
2021-08-16,56.9138127,36.8016211,89.8547528,22.9340935,12.7868759,6.6032425,86.6004976,5.047093,0.1026911,20.9556401,0.3514286,115.0846568,2.606554,0.6130558
2021-08-17,57.1631458,33.6212341,89.5044322,23.9957271,12.7846448,7.4543489,86.5715566,4.84957,0.1226383,,0.3485714,118.5525617,2.62441,0.6363425
2021-08-18,57.6134913,54.9752611,89.4986719,22.6215876,12.6209464,7.4609092,86.5938692,4.683193,0.1041686,21.4442066,0.3471429,122.3638236,2.735588,0.5869838
2021-08-19,58.2352509,49.9775101,89.7054116,22.7752548,12.8792714,7.4086736,86.6240696,4.631271,0.0953032,21.4231664,0.3442857,121.6771097,2.930473,0.6438729
2021-08-20,58.3002354,47.8572521,89.2559882,22.3659681,13.1877302,7.671054,86.0436386,4.565259,0.0975196,21.4109575,0.3471429,141.4544685,2.949091,0.6504015
2021-08-21,58.7614525,53.9151321,89.1408816,23.3566783,13.5149461,7.8923265,85.8213104,4.537298,0.1145116,21.7128994,0.3457143,143.9266384,3.038668,0.7249915
2021-08-22,59.1359378,28.1691421,89.0766739,23.47119,13.6573617,7.9436358,85.6077477,4.218805,0.1100789,22.5978805,0.3385714,97.0412505,3.185105,0.7212512
2021-08-23,59.5559194,38.3160911,89.2163233,23.4202138,13.90111,8.035904,85.9084089,4.222222,0.1218995,23.2971195,0.3342857,108.7754733,3.406814,0.7894399
2021-08-24,60.0154887,36.0443861,89.572125,23.4357283,14.1751059,8.1689072,86.0406197,4.165678,0.106385,24.1581908,0.3314286,117.1963019,3.601075,0.840426
2021-08-25,60.1947081,46.6456761,89.6130184,22.7708221,14.2767488,8.2343479,86.0774701,4.079994,0.1182056,24.3627626,0.3257143,109.2390052,3.554181,0.8680386
2021-08-26,60.666768,39.2247731,89.4571369,,14.0947527,8.3852511,86.0865652,4.075506,0.1263322,25.0465827,0.3242857,113.8657397,3.597252,0.8898285
2021-08-27,60.9782702,53.7636851,89.6598658,24.6724539,13.8074458,8.4196394,86.3901236,3.994853,0.1315037,25.817023,0.3228571,136.3126986,3.611591,0.9578646
2021-08-28,61.0662932,58.1556481,89.882305,22.023172,13.6967994,8.2706279,86.5148156,4.003881,0.1086014,25.8293705,0.3214286,144.8794538,3.65504,0.8385166
2021-08-29,61.1218764,43.0109481,89.7838506,23.1971008,13.6561229,8.425938,86.3766414,3.894452,0.1255934,25.8033282,0.3214286,127.565681,3.648067,0.8996116
2021-08-30,61.3475659,38.1410276,89.7879083,24.5365175,13.4501423,8.4691171,,4.122915,0.1300261,25.5816753,0.3185714,109.5635085,3.768794,0.8619028
2021-08-31,61.8756697,35.1019019,89.5456079,24.8911342,13.4469837,8.4481463,,4.218648,0.1359364,25.449766,0.3171429,113.6886012,3.763722,0.8435278
2021-09-01,61.9306689,37.837115,89.4706049,25.1519252,13.1454079,8.6926974,85.9966697,4.403469,0.1344588,25.4164206,0.3142857,104.8715426,3.802128,0.8606509
2021-09-02,62.2941757,34.4940767,89.1684544,25.004907,13.3088871,9.2804002,85.6091086,4.311634,0.1499733,25.0269612,0.3085714,113.9676772,3.766743,0.9005628
2021-09-03,62.2942638,51.0573118,89.0052525,24.6975726,13.6031817,9.8492792,85.5123191,4.572687,0.154406,24.4493645,0.3028571,147.5876188,3.861404,0.8524476
2021-09-04,62.7702245,58.3512135,88.7434487,25.6720296,14.0726899,9.9040921,85.4564988,4.615725,0.1617938,24.3329217,0.3014286,149.61092,3.925,0.9806911
2021-09-05,63.4105015,46.9544921,88.7448128,25.6365679,14.2207676,,85.6126673,4.441974,0.1632714,25.5461167,0.3014286,140.0264023,4.031581,0.9584433
2021-09-06,63.2105985,46.8025358,88.7008832,24.1833784,14.5844155,,85.7335279,4.649618,0.1617938,25.7305203,0.3085714,127.5922626,4.068107,0.9854708
2021-09-07,62.6115849,34.1901642,88.987051,23.6943029,14.3962718,10.2974983,86.2137377,6.687572,0.1677041,25.260198,0.3142857,108.3320858,4.046397,0.9380628
2021-09-08,62.977775,41.028197,89.1302163,22.551403,14.5606588,9.844241,86.2477386,6.383098,0.1610551,25.413855,0.3285714,109.4685558,3.760407,0.9161772
2021-09-09,62.7532875,29.327563,89.4970173,23.4039606,14.5527871,9.4295302,86.7366774,6.020433,0.1743532,25.7222206,0.4185714,98.505465,3.626692,0.8449962
2021-09-10,63.1218817,41.4840659,89.9135268,23.1727209,14.5757938,9.4750407,87.0587293,5.768596,0.1758308,26.2207898,0.4271429,130.2069982,3.619112,0.8336374
2021-09-11,63.1120571,61.0864267,89.6401327,25.0987327,14.481583,9.5628045,86.7846761,5.423989,0.1906065,26.3339667,0.4342857,150.834357,3.537139,0.7634987
2021-09-12,62.8622219,49.537749,89.7061718,23.6270735,14.814014,8.9519359,87.0014962,4.923282,0.1743532,24.9287398,0.4414286,117.6203787,3.555659,0.9113228
2021-09-13,63.2248321,21.7297488,89.7267135,24.7758838,14.5427196,8.3508895,86.9256197,4.724247,0.1802635,24.8579765,0.4357143,96.768417,3.499098,0.9046952
2021-09-14,63.5296667,26.2884373,89.0890604,25.4186264,14.8266294,8.0375663,86.0687167,4.63846,0.1861737,25.7045226,0.4385714,89.9302637,3.43221,1.0304917
2021-09-15,63.1619328,32.9745139,88.8190836,26.9929766,14.7132874,7.8501286,85.8489269,4.437392,0.1972555,26.41965,0.4285714,100.5550444,3.412651,1.0058751
2021-09-16,63.5593048,40.4203719,88.7561485,27.335034,14.8632003,7.7120963,85.7622927,4.43782,0.1773083,26.5994954,0.3414286,110.5216528,3.387312,1.0231902
2021-09-17,63.9195563,43.3075413,88.5789867,27.5936086,15.0119663,7.3671369,85.5650177,4.38522,0.1824798,26.5022681,0.3328571,138.4726044,3.520877,1.089816
2021-09-18,63.8554283,59.1109949,88.9050701,25.728916,14.5583696,7.3161687,85.8880839,4.518939,0.1691817,26.347778,0.3242857,161.4744426,3.543785,1.0568752
2021-09-19,64.2043572,39.964503,,28.0287528,14.3452034,7.2767188,85.6887481,4.173493,0.1832186,26.5344934,0.3142857,119.4368952,3.570598,0.9130448
2021-09-20,64.1255975,26.7204849,,26.7085445,14.4673464,6.4661195,85.567423,4.307482,0.1728756,26.6899473,0.3114286,95.3970494,3.559563,0.8804989
2021-09-21,64.3901454,30.6499679,89.0782174,27.6172497,14.250352,6.7744227,85.8517308,4.343592,0.1846962,26.2123218,0.3042857,98.705866,3.671785,0.764683
2021-09-22,64.824566,32.3789405,88.9486633,27.4163003,14.8873781,6.856199,85.7619798,4.262077,0.1928228,26.0999547,0.3057143,97.1331038,3.645967,0.9817924
2021-09-23,65.026632,35.9940649,88.88482,26.1382027,14.9194855,6.593526,85.7044941,4.467245,0.1898677,25.7183664,0.3042857,97.9409707,3.50572,1.0158584
2021-09-24,65.1526631,52.4978938,88.8320381,26.2046934,15.0278726,6.5557587,85.8048434,4.771106,0.1928228,26.2848324,0.3042857,142.5197541,3.500351,0.9136762
2021-09-25,65.7253243,66.6440328,88.9127299,26.4536638,15.5835804,6.5535937,85.8910887,4.762102,0.1965167,26.3668535,0.3142857,164.5384244,3.448534,0.9544698
2021-09-26,65.4128271,46.2107209,88.7765836,25.8087048,15.7884259,6.5956054,85.9849371,4.490089,0.2098149,27.0466364,0.33,127.2304432,3.487162,1.0663418
2021-09-27,65.233559,25.5319426,88.3155742,25.505803,16.1185596,6.9800943,85.5540345,4.586984,0.2046434,27.210295,0.3457143,92.9762303,,1.1250669
2021-09-28,65.2940884,25.0440711,88.1489933,25.2908167,16.8521482,6.0930536,85.5117809,4.666028,0.1935616,27.5844435,0.3528571,88.7527749,3.718755,1.2466248
2021-09-29,65.2254348,35.2893729,88.4042285,25.670552,16.5764126,5.5436775,85.8559427,4.818934,0.2083373,27.9355174,0.3557143,96.4685376,3.330725,1.069269
2021-09-30,64.8074626,30.7359054,88.0400524,25.5789427,16.8052312,5.6192178,85.5765504,4.934755,0.2157251,28.493635,0.3557143,101.7069985,3.42891,1.2408221
2021-10-01,63.966789,52.8527474,87.9292807,25.334405,17.1518196,5.4665261,85.3077457,5.092168,0.2282845,27.9259723,0.3571429,144.7759212,3.342471,1.4393371
2021-10-02,63.3262785,65.7000306,87.6556989,24.9709229,17.2238633,5.3493797,85.0046471,5.143565,0.2238518,28.0845059,0.3514286,164.559928,3.337957,1.4644098
2021-10-03,63.4978273,40.6559595,87.7930595,22.9363098,17.1974386,5.3764021,85.0235562,4.819232,0.1987331,27.647423,0.3414286,127.4348091,3.414206,1.5072396
2021-10-04,64.1127975,23.5804565,88.2227812,24.9302898,,5.2761072,85.3221925,5.16441,0.2172027,27.692756,0.3257143,89.3086836,3.545582,1.5297459
2021-10-05,63.9181114,23.9057042,88.1039543,24.068128,,5.4196006,85.2094382,5.261995,0.2112924,27.5830516,0.32,91.5098025,3.395045,1.4902988
2021-10-06,63.6860597,31.0611531,88.1831739,24.8889178,17.3189854,5.5350318,85.2853214,5.180392,0.1928228,27.2365221,0.3157143,90.3748506,3.387746,1.5051216
2021-10-07,63.4831562,28.2965478,88.3648844,25.3277559,17.9159831,5.9864024,85.5402609,5.338748,0.1713981,26.6940459,0.32,101.8533422,3.278632,1.3787581
2021-10-08,63.9736247,45.5346747,88.2195439,25.3669115,17.8751476,6.153755,85.4333356,5.446893,0.1691817,26.8265114,0.3185714,141.7314277,3.468851,1.3880094
2021-10-09,64.3623662,61.9596823,88.5829888,25.4895498,18.1080068,6.0890911,85.7522636,5.473298,0.1765695,26.67849,0.3214286,163.9575707,3.57638,1.3749517
2021-10-10,64.1034375,52.5274997,88.6340205,24.4670717,18.7764396,6.0058062,85.551402,4.933373,0.1780471,27.6165282,0.3228571,130.0035906,3.598683,1.2972043
2021-10-11,63.3881769,33.5005106,88.6263614,25.6439558,18.8152708,6.4325587,85.7540328,4.668405,0.185435,26.9271661,0.3314286,119.9704791,3.484675,1.3378167
2021-10-12,,23.7430804,88.7429584,25.1932971,18.8864161,6.5566224,85.7331712,4.519964,0.1913452,26.8627625,0.3271429,89.1546499,3.463784,1.3816793
2021-10-13,,26.3450618,88.5638785,23.9935108,18.5884943,7.4082168,85.4728044,4.396529,0.2075985,26.0091509,0.3228571,95.3212368,3.470243,1.4164076
2021-10-14,63.8067832,31.7116484,88.6039931,23.2399504,18.104329,7.2613712,85.3526689,4.406431,0.2275457,26.2980956,0.32,103.2154945,3.419503,1.4415625
2021-10-15,63.2137643,54.6416096,89.2160503,23.5421133,17.8566894,7.238339,86.0696986,4.653576,0.2002107,25.638134,0.3214286,143.0802128,3.2946,1.4457132
2021-10-16,62.8907337,62.6101777,88.9663695,23.9100281,17.2257497,7.2173254,85.8635997,4.547366,0.1935616,25.6018825,0.3185714,169.9275311,3.164484,1.4505442
2021-10-17,63.1171701,36.4277397,89.1577851,24.7418997,16.8078923,7.2607417,86.2467198,4.226189,0.1972555,24.3626116,0.3185714,133.86882,2.944108,1.5074914
2021-10-18,64.0174593,27.9909889,89.5198901,22.9762042,16.909307,6.8835871,86.5807249,4.220941,0.1913452,25.5989121,0.3114286,92.1962806,2.804205,1.432897
2021-10-19,63.3970337,26.9792664,89.7845973,22.9466528,16.9549143,6.9602406,87.0151282,4.741123,0.1832186,26.1304274,0.31,95.1860609,2.708916,1.4557617
2021-10-20,63.2398797,30.0144339,89.7233599,23.1062303,17.0438731,6.2202735,86.9593727,4.794856,0.1662266,26.8102598,0.3028571,97.8512364,2.710955,1.4281827
2021-10-21,63.5728312,30.3516747,89.4596312,23.0035393,16.8495043,5.4837876,86.6646309,5.572346,0.1713981,27.4119825,0.2942857,103.7112057,2.831554,1.3442548
2021-10-22,64.1486901,50.754745,89.3265376,21.1174219,16.7442712,5.3794992,86.6763978,6.168894,0.1869125,28.267297,0.2842857,145.1837288,2.505836,1.2233207
2021-10-23,64.4691912,72.1695377,89.4257588,20.6460773,16.9977627,5.4119974,86.7637427,5.910676,0.1950392,28.6318992,0.2742857,170.1099539,2.24232,1.2718299
2021-10-24,64.5800127,43.6726875,89.4331766,19.8792187,16.8489599,5.4989412,86.9870424,5.098682,0.1898677,29.0034027,0.2585714,128.9022398,2.249903,1.12811
2021-10-25,64.1549874,20.5716907,89.2257925,19.6819632,16.6696282,4.3870763,86.6117827,5.168421,0.1935616,28.7711337,0.2514286,87.6219852,2.353727,1.2312452
2021-10-26,64.3576333,21.2461723,89.1707879,19.0850252,16.6391337,4.1392779,86.1806041,5.721285,,27.9775279,0.2442857,82.276666,2.567828,1.1197399
2021-10-27,64.2897714,33.3868422,89.1938407,18.6424932,16.8691598,3.9698737,86.3018531,5.658031,0.1950392,28.0126175,0.2442857,97.2813724,2.869817,1.1724261
2021-10-28,64.2086691,29.6771931,89.3396786,17.9561622,16.9015143,4.2047227,86.5567247,5.491136,0.1780471,27.1760739,0.2471429,104.1477872,2.830309,1.280881
2021-10-29,63.4099567,46.707855,89.0734777,19.3679797,17.1417682,4.2126208,86.1727472,5.528417,0.1780471,27.0239185,0.2485714,139.511113,2.86522,1.2260234
2021-10-30,63.3545234,57.668182,89.1182154,19.0370042,17.3152711,4.1671404,86.4136391,5.178182,0.1580999,27.6017983,0.2514286,156.8017597,2.847635,1.1626643
2021-10-31,63.0873152,32.880981,88.8567582,19.5246021,17.3211148,4.2133597,86.1039148,4.523364,0.1603163,27.4064739,0.2571429,116.1446773,2.911579,1.1547769
2021-11-01,62.8374823,28.9990894,88.8220234,19.9220683,17.1873057,5.6460917,86.1955719,4.354913,0.1773083,27.1108484,0.2585714,96.9165153,2.809814,1.0798463
2021-11-02,62.9169388,28.1149708,89.1752655,20.310669,17.2145448,6.3518486,86.7979722,4.127766,0.1706593,27.9195191,0.26,101.2120793,2.765935,1.0717175
2021-11-03,62.5447595,27.4076759,89.4745851,20.1909859,16.9797041,6.5950384,87.1439991,3.938085,0.1758308,27.6817392,0.2614286,94.9663292,2.665967,1.1379974
2021-11-04,62.5234864,29.1759131,89.5567533,21.0782663,17.2043631,7.0739832,87.2996234,3.919847,0.1765695,27.8637581,0.2585714,103.1536742,2.632542,1.1128643
2021-11-05,63.1845167,52.6934672,89.5726905,20.5456025,17.203097,7.3423578,87.447386,3.95785,0.1846962,27.2332497,0.2614286,144.2965864,2.661826,1.1707491
2021-11-06,62.7014344,74.2659606,89.7920288,21.230456,17.0946068,7.5643868,87.4687474,3.930409,0.2061209,26.2791975,0.2657143,170.9720389,2.710524,1.2024725
2021-11-07,62.7353492,45.6205186,89.8114826,21.9522486,17.5297209,7.8886103,87.3241552,3.618538,0.2016882,26.1581611,0.2728571,128.6865067,2.808191,1.2669943
2021-11-08,62.8651383,21.749317,89.942662,21.961114,17.6260947,8.3434204,87.5166356,3.521791,0.1765695,26.1099516,0.28,90.1367973,2.871023,1.3672502
2021-11-09,63.0545406,26.3467336,89.5887622,22.8897664,17.99421,8.78923,87.315305,3.694001,0.192084,25.3957236,0.29,95.1310027,2.945307,1.439401
2021-11-10,62.8697855,42.9681629,89.3895838,23.6943029,18.2591069,9.1484055,87.1190699,3.950118,0.1839574,25.2784595,0.2971429,110.1222297,3.051898,1.3550165
2021-11-11,62.8036472,48.2728744,89.8318538,25.1814766,18.467852,9.4883303,87.3839056,4.148135,0.1906065,24.7192353,0.3071429,152.1941051,3.094882,1.3088867
