time_value,doctor-visits_smoothed_adj_cli,indicator-combination_confirmed_7dav_incidence_num,fb-survey_smoothed_cli,fb-survey_smoothed_hh_cmnty_cli,google-symptoms_sum_anosmia_ageusia_smoothed_search,hospital-admissions_smoothed_adj_covid19_from_claims
2020-03-01,2.5490501278711765e-05,0.0,,,0.0054347823871685,0.000352071703446
2020-03-02,0.0,2.2717979008602146e-05,,,0.0067934779839613,0.0
2020-03-03,9.943758349062428e-06,3.569968129923259e-05,,,0.0054347823871685,0.0038504560376095
2020-03-04,8.573797833479819e-05,7.464478817112166e-05,,,0.0040760867903766,0.002940453779464
2020-03-05,8.656919033301704e-05,0.0001168353206156,,,0.0,0.002045432119785
2020-03-06,8.558405018697973e-05,0.0001655167042055,,,0.0027173911935847,0.0012481989423476
2020-03-07,5.458292121637214e-05,0.0002141980877953,,,0.0027173911935847,0.001830894471634
2020-03-08,9.460423964913224e-05,0.0002531431946672,,,0.0013586955967918,0.0012980605652881
2020-03-09,0.0001892700505573,0.0004316416011634,,,0.0013586955967918,0.0009334405376652
2020-03-10,0.0003976887627033,0.0005062863893345,,,0.0013586955967918,0.0002807065646253
2020-03-11,0.0012125433407818938,0.0021433865346385523,,,0.012521406681617773,0.010614848750102065
2020-03-12,0.00172157274785478,0.0026801799158020557,,,0.01483296124891555,0.013028155246829725
2020-03-13,0.0024567103818962342,0.0034095610243051466,,,0.01271832034464499,0.015549348793139461
2020-03-14,0.0049921247155787895,0.004326565208627436,,,0.013865207603253297,0.01964809889554369
2020-03-15,0.011655899112975853,0.005512010550275802,,,0.020808726185454096,0.02366026071546075
2020-03-16,0.02341778679886705,0.006734905227251643,,,0.030550078842403936,0.030022907576267736
2020-03-17,0.03742888230942246,0.008338886817749401,,,0.046488128699384665,0.039649034400860275
2020-03-18,0.05421920815811722,0.010207928767348337,,,0.07142359520606956,0.05213444927372111
2020-03-19,0.0774814781264252,0.012569030323757755,,,0.10798718812449357,0.07219574875479329
2020-03-20,0.10534811693618129,0.015220248564961321,,,0.16036947474311194,0.09692118662499641
2020-03-21,0.1385258617497928,0.017995352520967293,,,0.23685777456576104,0.12404509969880415
2020-03-22,0.16849630783929992,0.02100733813470007,,,0.41956488895521843,0.1598253183748465
2020-03-23,0.19683105824197974,0.024855675611581755,,,0.8048400714761926,0.19533379834574632
2020-03-24,0.22296445455033967,0.028940232715637032,,,1.3083270606158641,0.23520845437210663
2020-03-25,0.24779347515346925,0.03366229091635293,,,1.8807876780402273,0.2693415227157659
2020-03-26,0.2670830100635562,0.039694733687952566,,,2.5010038451378502,0.29923469289559507
2020-03-27,0.2868465158663792,0.046988474302365,,,3.142388802765374,0.3225601414947629
2020-03-28,0.3034807308513411,0.05585270471362601,,,3.768700389646562,0.34136150365624546
2020-03-29,0.3238075581104676,0.06532166808729181,,,4.198700800751313,0.3681013651601913
2020-03-30,0.3405483397466877,0.07512200871824291,,,4.2598800074709,0.4020356254796388
2020-03-31,0.35724149902767793,0.08639098985602096,,,4.12291115408619,0.46746718630831824
2020-04-01,0.37028932872861425,0.09897081717919866,,,3.8662936866055446,0.5706946467204653
2020-04-02,0.37911970262423667,0.11093975478076033,,,3.52033540499279,0.7130941356639539
2020-04-03,0.3816540325871369,0.12273261550698931,,,3.170278314422024,0.8816920663858598
2020-04-04,0.38363684509899487,0.134132434961465,,,2.778193665224465,1.0822280937007518
2020-04-05,0.3810220763991499,0.1462813214920665,,,2.455346669210312,1.2887859805812756
2020-04-06,0.3767631642467938,0.15779313466804296,,,2.2826970703288403,1.4825450892177015
2020-04-07,0.3752879855123929,0.167075561240668,,,2.1715893479036392,1.6380675792089225
2020-04-08,0.3801977483919943,0.17431373021433047,,,2.083119183867823,1.7779230064234288
2020-04-09,0.38939656608940937,0.1800980463084924,,,2.0083179966490046,1.8870911677839421
2020-04-10,0.4011877537992694,0.1839097016590434,,,1.8319636598526654,1.979623794564008
2020-04-11,0.40819146174595206,0.185353479521342,,,1.6719798417780396,2.0316967074583268
2020-04-12,0.41736381487922847,0.18367032238259995,2.62543298159652,,1.519604333226994,2.050405598390987
2020-04-13,0.4309607121860755,0.18059726010094967,2.586166036954762,,1.3730747116825897,2.0507784345152538
2020-04-14,0.44080293463584147,0.1780961515308864,2.549502142293644,,1.2332861580191712,2.032072194788616
2020-04-15,0.44548771484789484,0.17465705182391666,2.398901806166971,,1.1085622093530951,1.9529404134347692
2020-04-16,0.44653136615205496,0.17120685088588108,2.2370079810391523,,1.0014819630939995,1.8615507569664222
2020-04-17,0.4447177277708751,0.1683932869453666,2.098316724206363,,0.9651599678640712,1.7492919760252228
2020-04-18,0.44522762304320235,0.16764434701859193,1.9563621039528025,,0.9414489461222364,1.6308398564302677
2020-04-19,0.44770672329911143,0.1679079879255423,1.81128226516474,,0.9200305347614776,1.5203718925810192
2020-04-20,0.45117528731294054,0.1721550471194293,1.6903651854680928,,0.8999021163715772,1.418009183975282
2020-04-21,0.45764931665145026,0.17756969686390953,1.592060261274859,2.0953082956447746,0.8790278419801134,1.3223832772098425
2020-04-22,0.470732523634075,0.18575078176791912,1.5221416257678484,2.055116777172614,0.8558996014381934,1.2391006689531519
2020-04-23,0.496902263872536,0.19679301870675314,1.4408077041229344,1.9883691155360803,0.8286208710195804,1.1575496102041973
2020-04-24,0.5336369077711702,0.2091389167644384,1.3263517321656002,1.9232693412093405,0.796599675309585,1.0853346600943807
2020-04-25,0.5772622390395383,0.22001970317981343,1.1949619820926891,1.8502978870073015,0.7626370028028836,1.018775279073875
2020-04-26,0.624732496416887,0.23172746233203584,1.0713618030167273,1.791010772730802,0.7359192240230392,0.9566544836217967
2020-04-27,0.6690291473603365,0.23764791623249684,0.9451955742694582,1.7362302067104725,0.7156426255066457,0.8983749699548064
2020-04-28,0.7098788657643107,0.23970981752617904,0.8320605305014755,1.6913407248887045,0.7028974011866097,0.8552819791287675
2020-04-29,0.7431320836253849,0.24078415560185043,0.7564305944148586,1.6562272304755634,0.6898856654864733,0.832660741974595
2020-04-30,0.7659931880982355,0.2384984392913701,0.7023964661979274,1.6288685952393673,0.6736750644545426,0.8099372539667504
2020-05-01,0.7824510883060956,0.23539100588586287,0.6530287785745024,1.5963505914580423,0.6577610331980273,0.7945544955812426
2020-05-02,0.7926286039534385,0.23335734405431266,0.5978538339982389,1.5704259473483224,0.6373650785248477,0.8008267526100383
2020-05-03,0.7930446540729991,0.2311583071129513,0.5388056807138636,1.543100577504694,0.6103339153001139,0.8019885875063594
2020-05-04,0.7879483573430666,0.23059596494226975,0.4765979442572645,1.509457366742666,0.5770347359194932,0.8060083625803984
2020-05-05,0.7807977618600451,0.23538890110584063,0.41157467657763575,1.4770977223866013,0.5391779956102859,0.8111918974966333
2020-05-06,0.7709283479047528,0.23802757634243402,0.32443148691081936,1.4472490199982808,0.5038208686510961,0.813033259791033
2020-05-07,0.7562267281408396,0.24199472615412135,0.2371184963635317,1.4138833278666598,0.4755205766360437,0.817529600141862
2020-05-08,0.737681057972555,0.24619435479962704,0.17276906800092248,1.3872080594981706,0.450295744284934,0.8225937455549144
2020-05-09,0.7226174951939319,0.25199999153761143,0.12522731223649036,1.3638159444766496,0.4337878176194108,0.8238725101114612
2020-05-10,0.7132489781263519,0.25740798020736966,0.08065593377543659,1.3334800276062286,0.41832430701465084,0.8281045631664786
2020-05-11,0.7062056949207468,0.2638318048981199,0.06303436971160842,1.305011197604335,0.40869915609456114,0.8298743608496848
2020-05-12,0.6958015653303808,0.26430257715971095,0.05273259143402516,1.2665745964235304,0.40135295530599874,0.8300468060750639
2020-05-13,0.6825118508257195,0.2658524469326241,0.0549968370121446,1.216803873310241,0.39720816588968727,0.8260079453260025
2020-05-14,0.665682023592707,0.2670793294366851,0.0635689456746234,1.1745566663408444,0.39204215421140426,0.8056594344388995
2020-05-15,0.6451215060404023,0.26695032173169503,0.05765761997824368,1.1315051662584437,0.3891487135353316,0.7823206738854127
2020-05-16,0.6173511284669697,0.26364345652744176,0.06546675360902164,1.0850091153125303,0.3822887922542222,0.7452179764591093
2020-05-17,0.5863545044316946,0.26096940319460304,0.08656230350075683,1.0502183283640942,0.3798309775547501,0.7009860390213049
2020-05-18,0.5617647587923982,0.25887426022728627,0.09976205673809867,1.017327164218669,0.40114609157002046,0.6583178222093484
2020-05-19,0.5382657661595392,0.26029028856628744,0.13715264732443075,0.9961106802734591,0.42711493021784236,0.6094966363409261
2020-05-20,0.5168803621649927,0.26204790749678797,0.1940317193573586,0.9848571499456051,0.45265768333808293,0.5703234952829276
2020-05-21,0.49739920185611514,0.2647192413612566,0.2577638451857481,0.9669953134460164,0.48102913606338976,0.546530599663917
2020-05-22,0.47943134351247146,0.26916236340410127,0.34477966266200344,0.9494459457919585,0.5057383863699105,0.5274062882396658
2020-05-23,0.4625286981212277,0.27488611140955055,0.419109954118142,0.9293288840885332,0.5308737222040127,0.5150391031317665
2020-05-24,0.4519654249236272,0.2811631416054242,0.48080311212661087,0.901134156599793,0.5544585921360348,0.5202543101436048
2020-05-25,0.4470269743864118,0.2879047849613632,0.5332456805399084,0.8720353683805848,0.5292405554379516,0.5294866510024272
2020-05-26,0.4606118089637464,0.29710784629444614,0.5475244034335573,0.8326115246964407,0.4981652135230063,0.540488940288941
2020-05-27,0.4764582318301385,0.3055953916106302,0.523688741046099,0.7887776046794663,0.4652075569882704,0.5524856339964668
2020-05-28,0.4935081278634711,0.31277535800491196,0.4849470333471714,0.7477351114229539,0.4293255942471454,0.5624417870120121
2020-05-29,0.5075943749895427,0.31922084407415574,0.42813031773214383,0.7057372174899202,0.39938162963640844,0.5694270541877896
2020-05-30,0.5199601585379423,0.32960326218628994,0.3577887334811871,0.6699638887254189,0.3713319889456944,0.5721448233073678
2020-05-31,0.5293019844171549,0.3411390634364083,0.29188041651045915,0.6408949222791704,0.34289133736035354,0.5734687098750042
2020-06-01,0.5313228157098913,0.35233925524351023,0.22912587242401072,0.6154260965064309,0.34073805222546305,0.5791947032195959
2020-06-02,0.5171089448872012,0.3582792986664206,0.17654210217655003,0.6042646324026308,0.34320472180524286,0.5951100711682695
2020-06-03,0.5029238256079704,0.36530741767742075,0.14762692198602267,0.5939523335315455,0.35262980464237903,0.6138099061267799
2020-06-04,0.49031849022663193,0.37488092473904083,0.13722242616286393,0.585439907480752,0.3659340606068647,0.6379946963434637
2020-06-05,0.4860239425632493,0.385474064685952,0.12468077449217749,0.5807690395273195,0.37437244561211747,0.6648248654202622
2020-06-06,0.48561945436483495,0.3896560727986901,0.1471394431979374,0.5786258989968253,0.38523885596653035,0.6913901505716457
2020-06-07,0.4850763538784549,0.391234168124362,0.17684082246439414,0.5777553118711933,0.40150807031848096,0.712077698344092
2020-06-08,0.4932807272524313,0.3921028683523937,0.21100529428049275,0.5789022896132662,0.41755635240693995,0.7255726380109634
2020-06-09,0.5051863995935958,0.3967214097609826,0.26831362730829217,0.5746697333518285,0.4344472612344259,0.7297727351933082
2020-06-10,0.5205697764921947,0.4018374888803056,0.3405718591258488,0.5739013443861395,0.4449078349625526,0.7342781797308524
2020-06-11,0.5371719352779895,0.4054206230583377,0.3954295909858854,0.573812493790349,0.45437663644455245,0.7331868626018855
2020-06-12,0.5489910960824905,0.4088729980951994,0.4596787429445247,0.5760698809456177,0.4702789274458373,0.7297687581740971
2020-06-13,0.5590553987045233,0.41661144582511356,0.49256937767721937,0.5784626901181255,0.48846271461910606,0.7258783461768081
2020-06-14,0.5671909065195905,0.42571226022415626,0.5112795167654178,0.5807102824172131,0.5207544712202663,0.7175659151991026
2020-06-15,0.5736249131318945,0.4351347403952024,0.5278337245848291,0.5837530277894458,0.561756268910491,0.7188059978091409
2020-06-16,0.5830653499746248,0.44367671602436265,0.5220722375945948,0.5896884319696888,0.6047987209423801,0.7305193701617555
2020-06-17,0.593752824269631,0.4544812086272576,0.4872173926294293,0.6032514914993068,0.6588224031612275,0.7332442563555481
2020-06-18,0.6068436152462316,0.4652581665684957,0.468457766027379,0.6308705580924056,0.7198399884481269,0.7422697340054605
2020-06-19,0.6242267405466588,0.47447144318449974,0.437382476598333,0.6604698782468071,0.7839697576352713,0.7564912903782983
2020-06-20,0.642733771315616,0.4830097276449423,0.43607628801819204,0.6993131521390912,0.852953587236951,0.7761325506136209
2020-06-21,0.6642404261277226,0.4923674222985394,0.45721502799753644,0.749967864016837,0.9065711637845106,0.8011004758860897
2020-06-22,0.686759512167431,0.511791836673686,0.4704132159683619,0.812061356075797,0.9657019753166202,0.8216130141360467
2020-06-23,0.7127071898524601,0.5388349769130274,0.5078536031927522,0.8817884672282044,1.036247453972969,0.8471249671233281
2020-06-24,0.7400759761371126,0.5651100501413102,0.5790967948245465,0.9654931710637301,1.1133560150900108,0.8881319221447952
2020-06-25,0.770903821239993,0.5948986138679317,0.6421816679013845,1.0471463783625288,1.2008659105690214,0.9233093540903234
2020-06-26,0.8079428576568642,0.6305719292201281,0.7500986025010341,1.14237302237131,1.29912856070604,0.9583638013785919
2020-06-27,0.8511423486518828,0.6651452374945921,0.8411904036562289,1.2380253832305024,1.4083738932238001,0.9916155589646996
2020-06-28,0.9025463622483859,0.6990423257917466,0.9328534410000021,1.3377997605694856,1.532043464989266,1.0400778746248216
2020-06-29,0.9624925638523337,0.7255368411623488,1.0561760780974527,1.4435503188116623,1.649213999029439,1.0835584086550798
2020-06-30,1.02767835072883,0.7499125435401229,1.1728924792341247,1.5634747289103466,1.7609082210768976,1.1251424990353385
2020-07-01,1.0922998270920263,0.7778545652125951,1.2788232043631478,1.6706195738440202,1.8631365270172815,1.1704953533123406
2020-07-02,1.1533067279659508,0.8142365131541173,1.3793013396039295,1.7780370488087658,1.953267938043553,1.2307785260226418
2020-07-03,1.205729539313901,0.843556098260065,1.4441019175258423,1.8807246944132847,2.0348149729773963,1.292917999862592
2020-07-04,1.2920276029769115,0.8663890297780938,1.5072076214045678,1.9880322869039695,2.099915579940661,1.3502959944051758
2020-07-05,1.367032529072842,0.8846368023904851,1.5501508908420845,2.093365854020747,2.155579094766557,1.3981781406333675
2020-07-06,1.4238904912652501,0.9216047563807575,1.5781664549198076,2.192575110566631,2.2174224921230086,1.4526423625883091
2020-07-07,1.4685934929209448,0.9597828954191553,1.5763046064005881,2.2786560321512455,2.2752035332280998,1.5196628928000322
2020-07-08,1.5033335461201178,0.9977058488515794,1.5573815208950468,2.3811499809439116,2.335421454562658,1.584912111723706
2020-07-09,1.5234543618314313,1.0256188402765514,1.554729709235605,2.488467553052795,2.395863462580632,1.6416718410451698
2020-07-10,1.5281821969829101,1.0749623821833636,1.5489393335584931,2.5931229852459885,2.447628860092958,1.689627618349808
2020-07-11,1.481191970770483,1.145400688855147,1.5457555879453235,2.6972774777929827,2.4951275659917296,1.7393482658023203
2020-07-12,1.4366616715188902,1.2227603718479467,1.5518635881999687,2.8036031754524915,2.5351555702414434,1.7849951786118678
2020-07-13,1.3982169604560513,1.2554671451426238,1.5490958717050143,2.9099785552633817,2.5534040105295808,1.8354973874265075
2020-07-14,1.3595101009479844,1.282734514334127,1.5768804197409052,3.0156384268956704,2.5638148258179947,1.8635749148443477
2020-07-15,1.3232952816342092,1.305420279216051,1.6334079646552981,3.1033460742520433,2.5570783102047363,1.8888103841245782
2020-07-16,1.2948587651766081,1.3284583174020057,1.6963481132964195,3.187140770934282,2.533456586224373,1.9295096086723755
2020-07-17,1.2721784181460578,1.3214600448168885,1.7781449816890045,3.269293100057829,2.4983621901792206,1.992283434582117
2020-07-18,1.2547130664087367,1.304578768982774,1.849957019296406,3.3353149814148644,2.4574568941814574,2.0554469361809744
2020-07-19,1.2463141339487902,1.282687412221088,1.926297032138281,3.3831441906640194,2.4183857984133144,2.1146166277518543
2020-07-20,1.2550174924011814,1.288469445649831,2.0112091904459657,3.420667746686347,2.383113163846355,2.163337446069183
2020-07-21,1.2705116004090766,1.2910094702073136,2.094661719505146,3.4560195801743694,2.3365981311715807,2.2123867141255493
2020-07-22,1.2901069146824637,1.3035217904294134,2.1320035460205555,3.487187279065362,2.290274241409984,2.251997389192696
2020-07-23,1.3032417439456887,1.3140909288317655,2.1453163880796344,3.504916379625359,2.245781397458083,2.2571527839444485
2020-07-24,1.3122631203371706,1.3422236541643207,2.1237593036222013,3.513288370850256,2.2024839052563228,2.2448645348808234
2020-07-25,1.3131735921684422,1.362927440906085,2.1346934373431146,3.524859082600898,2.156998533200117,2.2210421854897637
2020-07-26,1.3033847802859657,1.3797375756169528,2.1344050023643737,3.537951499293854,2.093504189027524,2.1945556837533218
2020-07-27,1.2877058508419952,1.3862650060976265,2.1059513993076706,3.54737425346299,2.022920066140555,2.160248461942999
2020-07-28,1.270753861968667,1.390307932459629,2.0864424447323313,3.54293467367882,1.9615982203340745,2.1336070604136688
2020-07-29,1.2490296176973794,1.3826950768763788,2.09848861709152,3.534404245723349,1.9025487467742697,2.108286488594454
2020-07-30,1.227447004318797,1.373055917256628,2.1100178835703627,3.5237524367195494,1.8452400558820798,2.077597565606442
2020-07-31,1.20743874843716,1.3543109920678416,2.142183565425571,3.5120225923033583,1.7922999017551509,2.0298825814365524
2020-08-01,1.1860224947711404,1.3354211852583298,2.155902209704312,3.4911194066274396,1.7386593315103054,1.9812716303812092
2020-08-02,1.1640643952035759,1.3197649277114427,2.1578057517191573,3.462014235486704,1.6930971578060359,1.9328858751126237
2020-08-03,1.1416907468315824,1.3020273879286253,2.1965613579683576,3.425674485900038,1.650163972625019,1.8833432044323943
2020-08-04,1.122500525141898,1.2747563055575424,2.180376272694429,3.3852052098569763,1.5987851985077586,1.8402549631313292
2020-08-05,1.1060685815738238,1.229568339360368,2.152430270099565,3.339695958156391,1.5432916933695018,1.8083098692976278
2020-08-06,1.0915152360113722,1.1826797736565,2.1233068712274523,3.294814726102797,1.48605767460863,1.7878271860740382
2020-08-07,1.079624096035565,1.1387005701590414,2.0988669368262074,3.2427917352958406,1.4254576662032494,1.7731424008323975
2020-08-08,1.0692237251498935,1.0944843452700979,2.040671415946446,3.1894628257440325,1.3627610659886804,1.7517778835784377
2020-08-09,1.0635257455198701,1.0572636256904395,1.997112589229941,3.1360545254298424,1.3033706076729925,1.712711879077407
2020-08-10,1.0617197418238784,1.0332341372066352,1.9099639974703293,3.0774803991199944,1.244421815128753,1.6623400525944234
2020-08-11,1.0594525421313419,1.0456407714068203,1.8716559304580411,3.0205161563727714,1.1879365377443682,1.5980759199987684
2020-08-12,1.0567481616899859,1.087434670718297,1.8384108427237118,2.963474041995585,1.1303315461217653,1.5267663923651602
2020-08-13,1.053964935402823,1.1340766858744884,1.8160838281476244,2.9020749480983694,1.073724027205671,1.460804867340422
2020-08-14,1.0361893593863953,1.1858776523020436,1.7710623417009992,2.842859521773101,1.017256798916368,1.3994112025289118
2020-08-15,1.0232735857298452,1.2436373438389103,1.749163402870567,2.7858727853182392,0.9685456575529788,1.349247320192827
2020-08-16,1.0095658029886398,1.2898619265817426,1.7167578427011176,2.72555824886835,0.919335332290766,1.306896044606759
2020-08-17,0.9923291332955543,1.324867589484759,1.7092149418444678,2.6738667133099114,0.8730719163209364,1.277192779156062
2020-08-18,0.9753687633484431,1.3146178752946243,1.6613485641287609,2.619765299552589,0.834202808630064,1.2534633453455066
2020-08-19,0.9600892376684483,1.2860871927969575,1.6222772078251109,2.5609172249384238,0.8026947964029095,1.238357716428405
2020-08-20,0.9436486502484273,1.2486964581135895,1.5760101040894665,2.499541954739663,0.7740384262012825,1.2351768040572155
2020-08-21,0.9356299677524691,1.1960442649268326,1.5342628535076914,2.430432600543185,0.7489807181628879,1.239548045103167
2020-08-22,0.9158106394106982,1.1326182007518077,1.4885743619966691,2.3595801421000733,0.7242123759689181,1.2410315387605382
2020-08-23,0.8917333777707801,1.072056933477275,1.4438370149194142,2.295524492212311,0.7017704830174017,1.2442562088839495
2020-08-24,0.8679560227974401,1.0100290084805406,1.3950153721196015,2.228585640687971,0.6824945116274415,1.2467413994307657
2020-08-25,0.8498152677508612,0.9693156393637168,1.3574737460127313,2.161220802707147,0.6622299224112803,1.2469105296820466
2020-08-26,0.8378840884107578,0.9316784763074281,1.2991581745028138,2.106621664166804,0.6433477783473756,1.246582687431629
2020-08-27,0.8287187735335904,0.8984837702428975,1.238050344146323,2.0593037626833954,0.6270279104645725,1.2435800823360557
2020-08-28,0.8227398510505096,0.8668259978017508,1.1812698310251877,2.0131722397711647,0.6132253656924018,1.2380719362706694
2020-08-29,0.8214268593100684,0.8436364104731646,1.1239430033988378,1.9601183348599776,0.6008233151675682,1.2359950356093874
2020-08-30,0.8217203513787482,0.8200958684680971,1.0634621818099432,1.9095467393707501,0.5930383339824818,1.2356703244119147
2020-08-31,0.8197806398592427,0.80234346048221,1.0080599430595003,1.8711224980574201,0.5867462992261301,1.2298179262509714
2020-09-01,0.8208891630590133,0.7806126991904471,0.9671986670097678,1.8405353249512035,0.5829984915557991,1.221171849808957
2020-09-02,0.8201390724338719,0.762960603922515,0.9485996559519774,1.8127178262409092,0.5783665275408965,1.225470580921991
2020-09-03,0.822451877463831,0.7445894074325099,0.9455434695119649,1.7825556587181615,0.5748007388584364,1.217554807553627
2020-09-04,0.8259379340275493,0.7363831286219928,0.9666787829713546,1.7664987492202415,0.5711216338140394,1.193121082699392
2020-09-05,0.8297425627404381,0.7267718047762035,0.9910731486951967,1.7650551970523918,0.5671500085052925,1.1614970103799604
2020-09-06,0.8396319806722956,0.718740423686386,1.0187932555259767,1.7563195316811573,0.5619003995259191,1.1153557070239957
2020-09-07,0.850200926266586,0.696920754359022,1.0200078032880882,1.7312641874424344,0.556701444077398,1.0696579080528923
2020-09-08,0.9019352233713711,0.6749633966308638,1.0046839012595254,1.7023073828647775,0.552876078900826,1.0278959199578575
2020-09-09,0.9586583796933259,0.6500377622051933,0.9683583090844499,1.668529027232784,0.5504094093210461,0.9739790712656232
2020-09-10,1.0079702187307906,0.6224808332470436,0.9161153478314933,1.6414842765943531,0.5469629767953723,0.9322302657880606
2020-09-11,1.0441928809669723,0.5911756591963392,0.8584811961839492,1.6040616128953438,0.5446007686972223,0.9033221964223759
2020-09-12,1.0685335034982313,0.5576761774738438,0.806902332050209,1.5608883227098005,0.5421071951420536,0.885250542732406
2020-09-13,1.069424948336732,0.5268475455861176,0.7533037707207357,1.523796648369061,0.5382818299654817,0.8788817449189055
2020-09-14,1.0600784177581557,0.5171360890234558,0.7299744886693798,1.503618175539251,0.534244656450726,0.8815788012452076
2020-09-15,1.0051903364094446,0.5120715851965852,0.7337417884727537,1.4930858734839074,0.5280301792006153,0.8798716490514984
2020-09-16,0.9488023220505319,0.5051706308817646,0.743710738878371,1.4791307679342187,0.5252203358256332,0.8815933399636009
2020-09-17,0.9009545261388017,0.5082268034094563,0.7926481844929139,1.4641900861727997,0.524945864656365,0.8833485098977947
2020-09-18,0.8617055746582082,0.5093938310787214,0.8358410670152896,1.4567871262848326,0.5251158743440035,0.8915222781546357
2020-09-19,0.8300027341565416,0.5162723541199468,0.8872135129960597,1.4440697533271685,0.5266983875792123,0.8921456484569366
2020-09-20,0.8038775508210252,0.5221388774511928,0.9393933282704029,1.4300982413934724,0.5283315543452725,0.8883604975587557
2020-09-21,0.7858494820582765,0.5215575684764674,0.9789166512382248,1.3994623471636374,0.5309175800818386,0.8747535868470182
2020-09-22,0.7746687154222156,0.5209811509991767,0.984128833047702,1.3582500351935136,0.5354988905658883,0.8592236218120172
2020-09-23,0.7694825783359123,0.5256919344721229,0.982203469877546,1.3186877887573527,0.538995976622415,0.8441589778929304
2020-09-24,0.7674395220173063,0.5230533043512797,0.9187431368758782,1.2717154812570666,0.5438786622511219,0.8225156577422623
2020-09-25,0.7728998816487386,0.5219249990248813,0.8539065882402949,1.2304326942825239,0.5525598090810124,0.7944385768555454
2020-09-26,0.7798261420304613,0.507132668185108,0.7978690849824727,1.2039926949225936,0.5629308160026653,0.7643018849943375
2020-09-27,0.7896722714938277,0.5026267394591943,0.7732353977735354,1.1782119558845894,0.575753597828942,0.7317168119521602
2020-09-28,0.8000014754721428,0.4949668819087974,0.7463194677378245,1.1622829323287458,0.5863335277138543,0.7019828970819758
2020-09-29,0.8084138442275699,0.48847969132320657,0.735441784392319,1.155217702415954,0.5954085018697994,0.6690943637511301
2020-09-30,0.8146021453072727,0.48011178725596926,0.7243482603771693,1.1505680663067497,0.6027996557288315,0.6377222634755373
2020-10-01,0.8229238844758097,0.47552369910105824,0.7806066193875336,1.171129152695479,0.6210501552442494,0.616295860439309
2020-10-02,0.828668937223753,0.4725713419736078,0.8190419853375392,1.1879431864358787,0.6360234071199585,0.6155628147670676
2020-10-03,0.8377911134177172,0.4872115300203205,0.8364664440602603,1.2087474917196648,0.6563057060967337,0.6259836770687556
2020-10-04,0.8529204510425082,0.4832613832386551,0.8330198074148388,1.2406664967143135,0.6775494322126505,0.6442169300583298
2020-10-05,0.872823080328109,0.4836925925464024,0.8415631803266573,1.2847276189921126,0.7000854282948816,0.6649953987742285
2020-10-06,0.8967874908032866,0.48203923711716773,0.8888094458717886,1.3378524105606222,0.721929715660794,0.6915735653938768
2020-10-07,0.9236625646211202,0.48363836255838133,0.9534694623745352,1.403785992801169,0.7434465487083334,0.717679553047736
2020-10-08,0.9504550913700804,0.4844484658838156,0.9451848469917378,1.4491396273905706,0.7364154536034442,0.7411010619630135
2020-10-09,0.9784169726420879,0.48415350111736166,0.9690358452627064,1.5019751401690637,0.7283708256347783,0.7473053856825539
2020-10-10,1.0025959725366966,0.47680762909792773,1.0125721134351247,1.542878411981992,0.7090115962781961,0.746968258765613
2020-10-11,1.0230241570989589,0.4785072550653673,1.0557619048170062,1.570894669039325,0.6865285307222726,0.7424157127379747
2020-10-12,1.0418305344834415,0.476944979889945,1.0941466900192633,1.5785238310910061,0.6627531952000358,0.7277815802316934
2020-10-13,1.0543692345091806,0.4808251258392756,1.0567683240565509,1.5697817444663356,0.639562221537564,0.7065529530192457
2020-10-14,1.060419158117296,0.48167210343199474,0.9936767356075547,1.5390919773572016,0.6167911543748625,0.6858388414305003
2020-10-15,1.0599515087042788,0.48097113744987924,0.9917557884107469,1.5099252113382438,0.6090837306960173,0.6607054725186559
2020-10-16,1.0545732384118105,0.47901464812375527,0.9831395518550599,1.46324239620527,0.6008233151675699,0.6402138074284596
2020-10-17,1.0474588956066184,0.4749155414750143,0.9585252433954876,1.4165202226328724,0.5983148469372448,0.6211866380040132
2020-10-18,1.0331305254764143,0.4680161268415674,0.9477190980499194,1.3694777158393567,0.595967533514251,0.6056124176303909
2020-10-19,1.0186871145655423,0.4664265585697681,0.932546492561729,1.327728265982211,0.595821273382076,0.5956477494253778
2020-10-20,1.006862789770362,0.45958740160309763,0.9660434945400076,1.2876105904792985,0.5957706198512238,0.5883474819401872
2020-10-21,0.9944648457655513,0.45441551561545657,1.020712210053099,1.2576216932573003,0.596956151340452,0.5807691793328269
2020-10-22,0.9834635526097306,0.4615316631606056,1.0575368583512605,1.2260480137478464,0.5983566455877891,0.580282872167514
2020-10-23,0.9801762941231095,0.47850259344459833,1.0814910462539353,1.2103922778362188,0.6043055065489387,0.5796838767064445
2020-10-24,0.9800852455250879,0.5056552555202157,1.1083931460482659,1.1991366929638212,0.6095462606480041,0.5837054133285176
2020-10-25,0.9875845590363619,0.5379669986276309,1.1388838330472648,1.2042715245283162,0.617143183050371,0.5861669977695518
2020-10-26,1.0084068841024387,0.5678039904489637,1.2103261300125163,1.2270418615034244,0.6248626160294486,0.5825835709068717
2020-10-27,1.0332451581359898,0.5991714599611709,1.2894888191690432,1.2595551466762438,0.6337137725469779,0.5842425081009788
2020-10-28,1.0665257829544335,0.6315658364204042,1.371508756866724,1.2796737311469795,0.6414211962258243,0.5989578627190887
2020-10-29,1.1024218988644334,0.645010050144452,1.441336947835695,1.3051592774748102,0.6511178648573055,0.6241896876379
2020-10-30,1.1416118163031848,0.6494894263581423,1.4900232635015938,1.3204634177165837,0.6575710544209896,0.6585772543034222
2020-10-31,1.1846978886924555,0.6430888327654735,1.5450021437147536,1.3321433135320435,0.6650904193171155,0.6966595721084817
2020-11-01,1.2324536325658144,0.6363531858403825,1.610078945828185,1.3304638394621575,0.6793953024080354,0.7431071990662695
2020-11-02,1.278037050105334,0.6286045804323437,1.619562251623742,1.325641856298781,0.6989795838286413,0.8064919335133214
2020-11-03,1.3172677274663047,0.623814479041862,1.6004884326357067,1.3200282765377203,0.7184404595813957,0.8633721677561995
2020-11-04,1.3521065282330702,0.6206600001659732,1.5641489602878278,1.3437641640927664,0.7382118344041151,0.9065948846548929
2020-11-05,1.3833203386061483,0.6318312105984544,1.5444240482210376,1.3762457712860512,0.758986721728192,0.9383944984612513
2020-11-06,1.4113198646496767,0.6494962981349536,1.5816315005997184,1.4204169675947966,0.7827275328203398,0.9649004953063642
2020-11-07,1.437341533784027,0.6769451563728367,1.6564136088197732,1.4700607919465576,0.8092404381479894,0.991513272102458
2020-11-08,1.466550593749002,0.7072724661815808,1.7091647332712978,1.5317363107665893,0.8302729819718607,1.015614631135911
2020-11-09,1.515831896914652,0.7448531829233205,1.8103339805985403,1.5889309438156307,0.8507195901758925,1.0312259609923764
2020-11-10,1.5682626304711453,0.7866404498317825,1.940032918821781,1.6741629778436833,0.8829417490599797,1.045538426100436
2020-11-11,1.6208444138038158,0.826484839152378,2.077829756850346,1.769089400167546,0.9273719301807972,1.058548958592807
2020-11-12,1.674977894579607,0.872702253969319,2.172635849994483,1.8640664215667186,0.9776962692208474,1.0723206139612635
2020-11-13,1.7266280779754601,0.9230974800832515,2.249883179733927,1.97766011345816,1.0337000724670218,1.0851271108613938
2020-11-14,1.7762924122117119,0.9748066795666533,2.2752780165388895,2.1062618100964143,1.0962077188077326,1.0943861644901158
2020-11-15,1.8313003449896517,1.0273701901029968,2.270165559833213,2.2349725128979743,1.1714824190296238,1.102767881021609
2020-11-16,1.8996700582448132,1.087855433418009,2.280850428376741,2.3751245761295263,1.2538468979658897,1.115620810114923
2020-11-17,1.9673091149866853,1.1472996358687881,2.3287130216415184,2.4979007649522234,1.3333258960152503,1.146399849968703
2020-11-18,2.0448740220882526,1.2222946429197652,2.3892598949040975,2.599986622165458,1.4120103045265124,1.183615610274967
2020-11-19,2.129588926955782,1.2966241997319905,2.5000771214939808,2.7023657059011694,1.4918324763710755,1.2388560291627646
2020-11-20,2.2229805501841082,1.3549548679543437,2.616665768652747,2.7830721095503446,1.5745489839828508,1.296478710310013
2020-11-21,2.323298462502296,1.4298906494221644,2.7250916077188627,2.8544158793903507,1.661345627896067,1.35400244165575
2020-11-22,2.433016548214463,1.4966459597585453,2.86618409845449,2.9276838282943736,1.7453014749478488,1.4180177767629925
2020-11-23,2.5570533155452346,1.5713031600565557,2.9652128613347597,2.997272271223581,1.8367886961959887,1.4970272558027078
2020-11-24,2.6861363862888252,1.6580326830547396,3.0200098491560037,3.062548468397871,1.9441006509391718,1.5794759598195072
2020-11-25,2.8048949229648605,1.7361539759784628,3.115779009631158,3.144284720833646,2.063443414300456,1.666965151776122
2020-11-26,2.9162895956176063,1.7868585059574544,3.206405528016768,3.242069599758434,2.196929010854189,1.7537525032314416
2020-11-27,3.198374972132565,1.8589182976532592,3.2995567351459973,3.3462425766005017,2.3363983321336277,1.8621377185613857
2020-11-28,3.5124216183024592,1.9017928063730367,3.454991691407571,3.44643272385796,2.4719844307746515,1.991310520702871
2020-11-29,3.7611187656153016,1.9583378526973096,3.669000650087037,3.5358190544183623,2.604026839339363,2.1282963224373557
2020-11-30,3.936246205165199,1.9874805766743895,3.88947707478855,3.6156644464359546,2.7167812672138814,2.2450248200574516
2020-12-01,4.05586071092096,2.002757079669005,4.125300850141397,3.6989061817359765,2.8060911847266663,2.3441545890883346
2020-12-02,4.105723529192157,2.0307974398095388,4.3301861694042545,3.7862441992281646,2.875313726641918,2.450195309677815
2020-12-03,4.081163033987181,2.1128970572874315,4.564751429359829,3.85868481466946,2.924334073127093,2.5486055136426935
2020-12-04,3.828869399969708,2.2070915302497047,4.750429474153728,3.9437214742015847,2.9666030093238516,2.620218845671497
2020-12-05,3.5189568157186315,2.3233778493000434,4.880253291204475,4.037962137137131,3.0171174663739015,2.682176616582122
2020-12-06,3.2588026728773203,2.4575966217869043,4.94727094327654,4.1430704872459305,3.079044191986443,2.7410828760898367
2020-12-07,3.0433436546553807,2.633312659782431,4.998279696210487,4.257146815503055,3.158564988686349,2.818235896042328
2020-12-08,2.881745836541267,2.851714680849478,5.00660674327129,4.374042135629555,3.25534868062987,2.9124474092561496
2020-12-09,2.773042107056807,3.091728007315311,5.0066262558037335,4.473858447204746,3.364166368464195,3.0085241718468665
2020-12-10,2.7102388627693297,3.3260920085438683,4.968055990054463,4.5797486124177595,3.4845595190031737,3.112975756084067
2020-12-11,2.6922605929077967,3.5852625990956772,4.957225427246853,4.663800577388253,3.611120565140598,3.2314316899901887
2020-12-12,2.7135122599508747,3.8460028885488007,4.967641542660099,4.751603491684483,3.74648299991919,3.3564021024790582
2020-12-13,2.755738125332637,4.0793549405547855,4.9470171624415,4.836150778419464,3.8955495348735782,3.4880975305893234
2020-12-14,2.8257787106340415,4.298531318315919,4.969983930252907,4.919072196529142,4.053842083568067,3.614817022505637
2020-12-15,2.909770210566669,4.467155984443864,5.036643311707822,4.99821741434656,4.214417449654131,3.7636266639634472
2020-12-16,3.0027965461640607,4.636417304400416,5.059695742579965,5.0846339738389785,4.379104651440394,3.924774622139242
2020-12-17,3.0950344924604303,4.842315531437364,5.0494980717389915,5.169859047045504,4.547445033351776,4.095067615216464
2020-12-18,3.188011488402453,5.049181600630291,5.058852261144527,5.2728496978397,4.71048009386593,4.280119945760528
2020-12-19,3.283138843706374,5.269348939445369,5.068533875292259,5.360152328328499,4.8612781992324425,4.461670129506725
2020-12-20,3.3870050669011302,5.502903580800172,5.126716427070824,5.450920502344674,4.993142642347169,4.639505654779701
2020-12-21,3.4880740648477353,5.7416849240163055,5.155285379518082,5.5329101763967445,5.1221254135409655,4.810202354853698
2020-12-22,3.6039455819213506,5.983897712783136,5.145075930432883,5.608096514838548,5.254486240825459,4.9503533781380336
2020-12-23,3.7276811066985895,6.163000792209248,5.183090708891991,5.671285605290327,5.396403122775956,5.077262728339722
2020-12-24,3.8648388998164602,6.2222199660927044,5.254873454940179,5.71763835325894,5.54118882094556,5.189126456349158
2020-12-25,4.106838832245178,6.109197129663632,5.297968928267709,5.7530383049555995,5.697477149298534,5.282114529823784
2020-12-26,4.510229204947055,5.945423379114806,5.338238250629716,5.793858981175426,5.840340245506718,5.387916196254014
2020-12-27,4.857829995422131,5.817079645331797,5.338817708923806,5.82600584294866,5.970042952052929,5.4826813843598945
2020-12-28,5.14496002920518,5.6015454673132385,5.339183367628296,5.855485917269682,6.074605970413463,5.569968909541075
2020-12-29,5.3648959653040755,5.377796799073952,5.388830427611771,5.879720708799665,6.156316701114709,5.6567541941177195
2020-12-30,5.507168277589254,5.143157893170998,5.470123142261612,5.909942904061234,6.203742878698352,5.734820865792116
2020-12-31,5.5726557311943505,4.93978122206307,5.55603242004207,5.959319990961504,6.228838426535756,5.7982209144096135
2021-01-01,5.5078308551723945,4.953370985807384,5.6584219597784795,5.998842553406277,6.23988897162734,5.85532610186318
2021-01-02,5.275544639674971,5.04522660116124,5.748947026822815,6.0308374493504155,6.263236825966825,5.922880346188572
2021-01-03,5.035720222216733,5.082059507400584,5.842953208248842,6.05219461134374,6.296757956335249,5.99940284433634
2021-01-04,4.780009891201979,5.178221565117734,5.920112897421624,6.082706868014601,6.332451303830808,6.065451498137337
2021-01-05,4.524559623100731,5.285959833867653,5.950536379212299,6.120634352703174,6.350968321399574,6.140321266520219
2021-01-06,4.257639502504041,5.419019966771142,5.903653351879378,6.158176403979886,6.3509235123547265,6.2151942196605665
2021-01-07,3.984497172811765,5.585892796795906,5.869446089044393,6.18180715482689,6.322699839208701,6.297320076910507
2021-01-08,3.6819210471396384,5.655018836775021,5.854173268582824,6.216449047505112,6.241879975255555,6.368121917319012
2021-01-09,3.3695003232517413,5.664420009047621,5.853658118320276,6.25714366146241,6.1059823633975014,6.3801231728998635
2021-01-10,3.1099042798951664,5.700492483251323,5.912256653523301,6.307580161173339,5.92195577601974,6.366961658696436
2021-01-11,2.902325079156596,5.774658864938472,5.997101500996109,6.35078188633376,5.704019810817776,6.346180000146989
2021-01-12,2.729661325564583,5.864065604450215,6.097345296836206,6.385764467205634,5.473850190494176,6.307027355227142
2021-01-13,2.5960219791820176,5.967238147792247,6.208302515907365,6.414216658348103,5.244675105687539,6.255530686238144
2021-01-14,2.4911377542762763,6.046084516315641,6.291714127629382,6.4349512785948395,5.014560079998826,6.18114191553736
2021-01-15,2.4140112768740805,6.096877605113502,6.339523575358548,6.451207548541366,4.792336299090693,6.079537090613921
2021-01-16,2.3657639331781057,6.108522287577255,6.372169742533729,6.450197426524359,4.582446195127163,5.978986088891542
2021-01-17,2.34773341600613,6.082106668966732,6.354372408021976,6.442984245478278,4.379756076166766,5.855353118208507
2021-01-18,2.3478539604564213,5.996415784072172,6.312434159947007,6.413772023307646,4.193525042796805,5.723371891235113
2021-01-19,2.3683570028813232,5.857479363041083,6.230760483520689,6.381072297523818,4.015721896393866,5.586127779566157
2021-01-20,2.3784852998779944,5.673947735817168,6.161717780315495,6.328435293610419,3.8351005396629665,5.455053722983191
2021-01-21,2.3852314472383074,5.4463677187833035,6.0291323195181095,6.267705781957447,3.661553324652145,5.335759839033686
2021-01-22,2.377379915409376,5.183302949785234,5.839444299219696,6.179789606227944,3.5056587587077805,5.240398875065813
2021-01-23,2.360286337345353,4.905422935255585,5.6098528501151215,6.09079945204166,3.354156335838257,5.147538487116163
2021-01-24,2.328325651148864,4.5895272089677475,5.364334007062511,5.979290172347209,3.2092842187446724,5.076008121639392
2021-01-25,2.287992020622267,4.285401327888348,5.0782467627431185,5.868303679407888,3.057731333821059,5.001628043010766
2021-01-26,2.231524503008748,3.999216297069987,4.8237949890094685,5.725570027681163,2.9107176309001956,4.920287237261631
2021-01-27,2.177038470110458,3.733955952456715,4.536262528622347,5.58076050822746,2.778511200561593,4.820010013152765
2021-01-28,2.1167888589662534,3.5115169441541227,4.323105386054185,5.4295660677774995,2.654029953039028,4.716773728611045
2021-01-29,2.059867017114001,3.3390209269314193,4.150990552630954,5.285737629769353,2.533617820715659,4.597426008587347
2021-01-30,1.9997297995706171,3.204880810941056,4.007939588681538,5.134654418259104,2.419428135558635,4.472169421975611
2021-01-31,1.9410541099856595,3.1077514810923277,3.852257221843521,4.986397569140126,2.31839330175987,4.348040712393467
2021-02-01,1.879710529620193,2.9895706756749116,3.7608397917527596,4.840979959338284,2.23113530345829,4.231688719317433
2021-02-02,1.822363510373099,2.8740562743902167,3.6404182141699915,4.724295809063276,2.1532783246951337,4.141661309245311
2021-02-03,1.7699885640093662,2.7548932890063935,3.555983929448316,4.612960677556211,2.078947639912221,4.066835680934259
2021-02-04,1.716706068013796,2.63299059807517,3.442956014402908,4.506109785145175,2.0160839022573542,3.9810957767766086
2021-02-05,1.6635983438517268,2.5068972941228735,3.337694834558278,4.40029573511918,1.9593501565199536,3.8995022884971524
2021-02-06,1.6138781207491328,2.377567914309699,3.1977600601767016,4.288852725338222,1.9121487900503717,3.8057310658196233
2021-02-07,1.571485783319396,2.254234692105529,3.0812226748239113,4.18491363576051,1.863884379524577,3.6965100923196
2021-02-08,1.5473781273049738,2.149414884539668,2.9039991725262753,4.077356114726063,1.8139001039097238,3.5664762644124868
2021-02-09,1.527165869378608,2.0479687568262546,2.7699608746052666,3.9601742678617557,1.7564025274772412,3.39049596912744
2021-02-10,1.5107373162486208,1.9578601964900557,2.59627449633944,3.842389377523281,1.696606282463742,3.202180574000033
2021-02-11,1.4983040910865042,1.8660518097131724,2.4437347244153678,3.7206135563408664,1.6250316106675637,3.016683466861464
2021-02-12,1.4882351686455635,1.7787135553364097,2.3117745247559474,3.5908314965591983,1.5516297247788362,2.8244581370981114
2021-02-13,1.479154809396948,1.6998245738089808,2.260894435558131,3.4656813175049233,1.4769827722056443,2.631620086870436
2021-02-14,1.465985391018319,1.615030712651446,2.2488353803815,3.3344307173682024,1.402553320880516,2.43697848879902
2021-02-15,1.4483250298180725,1.5321279683455484,2.3041768388738415,3.2109497289913733,1.3341714433691019,2.259723856488943
2021-02-16,1.4486165489476333,1.4518725225518747,2.341135079428109,3.091711319395843,1.2733864675316315,2.1165067729594202
2021-02-17,1.4431168974399122,1.3659704305697087,2.4302667326553853,2.97364014629954,1.2161094709345162,1.995067477639244
2021-02-18,1.4336624590249236,1.2845822525881885,2.5119590786159938,2.866066625955143,1.1696523308729356,1.8926697862557254
2021-02-19,1.419374406753154,1.2056433574690748,2.5794499556591197,2.773217393743819,1.1284178330315942,1.8044436757198496
2021-02-20,1.399254099429244,1.128234279783526,2.6205268033793745,2.6911307865002096,1.088888109225683,1.7414954183843316
2021-02-21,1.3736969012069649,1.0622998310740843,2.6377343163642095,2.6158478423614446,1.054806102753219,1.6942357881752068
2021-02-22,1.3462267308045968,1.0024754037123516,2.6438313825594655,2.5362033512120603,1.0196309932280594,1.6392426237240645
2021-02-23,1.306332426397824,0.9443987628470574,2.6764331468441136,2.453924653238358,0.9878991466443792,1.5731506103977384
2021-02-24,1.2723288967044546,0.9018135445159232,2.676998460928841,2.3722245889995586,0.9586788886927613,1.506609934199204
2021-02-25,1.2434621026702235,0.8670758178931022,2.682403513289817,2.284148353495521,0.932089320323382,1.4475427449152436
2021-02-26,1.2155721935810389,0.8383942591776059,2.6803831836055756,2.1857508061055424,0.9073121486316802,1.3915640164293759
2021-02-27,1.186016313223786,0.8136496867640738,2.637634020999271,2.082258635097074,0.8907773428661061,1.3281028351846358
2021-02-28,1.1501085075037707,0.7891399074947414,2.558658040339942,1.979028122657212,0.8759503926491718,1.2678532391114734
2021-03-01,1.1060518135389341,0.7675166602487445,2.442352850607701,1.877648985661338,0.8669618321303408,1.2199699208432788
2021-03-02,1.0672195318812365,0.7424825823956823,2.2888694676185963,1.7790229447725654,0.8573190252717262,1.1913095570216945
2021-03-03,1.0340903501730407,0.7072809352404147,2.1496762498698905,1.6923180796954862,0.8522482672417985,1.1735442380234304
2021-03-04,1.003572300307472,0.6676567581391981,1.9963810201118288,1.6227358350370864,0.8473836182859246,1.1616399735036813
2021-03-05,0.9779282097893984,0.6260208830466805,1.8425427155649232,1.5626277851162302,0.8447020219950554,1.155793458974574
2021-03-06,0.956648369009719,0.5829524613804252,1.7226919147499034,1.5053680477318554,0.8387800379122899,1.1513720054687897
2021-03-07,0.9448472877523633,0.5405132735222056,1.6398949391420987,1.4505800175005046,0.8348710869350442,1.1421187308166234
2021-03-08,0.9433069767554723,0.4991606169265003,1.5818173331849628,1.4025602988934986,0.8241858305250298,1.129696535509668
2021-03-09,0.9400792589238393,0.4658739559394396,1.538988893400834,1.3561933051655726,0.8139430137322594,1.0947785739734741
2021-03-10,0.9364719088539769,0.4384746346284817,1.516883864143196,1.3032503995170295,0.7999616700976978,1.0553617336858108
2021-03-11,0.9328076497949803,0.4165895325001715,1.509333045012367,1.2318534737400695,0.786819479201333,1.0163714066991953
2021-03-12,0.9253766548588737,0.3994765459835056,1.5147871746210295,1.1716551790083807,0.7704638050265403,0.977484149145135
2021-03-13,0.9180563921079217,0.3871763964993187,1.5140372025116955,1.1235295374278054,0.7563807383306053,0.9376642459899718
2021-03-14,0.9087195509127582,0.37850971234723585,1.5211930080331506,1.0741350939153604,0.7427931366732311,0.8978980879875854
2021-03-15,0.9062316388201881,0.36924670482587485,1.5334323901523006,1.0247294628657861,0.7384783390696877,0.8583292712707712
2021-03-16,0.9065967825508765,0.35985064938371364,1.5637118959968035,0.9850596453566429,0.7359759400271005,0.8235685507604115
2021-03-17,0.9087264492797796,0.350110023352868,1.576302832408335,0.9453819107710678,0.736208617199274,0.7897894100261167
2021-03-18,0.9144923974950838,0.33944516791036505,1.5824924529421687,0.9191744897516045,0.7346102822317094,0.7523089979645734
2021-03-19,0.9254589593924649,0.3285726547215829,1.5827311151498171,0.8859859102963915,0.7360972186037277,0.7143406820106613
2021-03-20,0.9352581749807328,0.3171477272314694,1.5693867308960978,0.8453620610136939,0.7371963596887902,0.6731901532604803
2021-03-21,0.9401085388283772,0.30592710225360303,1.519236310379093,0.8144934662679744,0.7367487154592526,0.6355450302030097
2021-03-22,0.9480699709968441,0.29511889493121746,1.4960103700970189,0.7872777564651431,0.7316959985304575,0.5969040866755339
2021-03-23,0.9575020787119888,0.28534878723881596,1.4766582159599762,0.7676750228625762,0.732275834866838,0.5645305474965502
2021-03-24,0.9621178804324033,0.2775943897054211,1.4570990237992534,0.7567059396876998,0.7415308518675222,0.5386825319211759
2021-03-25,0.96775426137539,0.27134892711205183,1.4597211022646264,0.7388740854771894,0.7633579959543336,0.5162465855731694
2021-03-26,0.972632846790108,0.2648212090805403,1.484091823985096,0.7211670696662839,0.7937311197673097,0.5011434422977071
2021-03-27,0.9763129333710466,0.256462621457379,1.5254148527916258,0.7066505274555175,0.8313659847723901,0.4962422945193899
2021-03-28,0.9750861006152692,0.24570851531249938,1.5834147613653922,0.6895534777176227,0.8777655936105583,0.4913474298818565
2021-03-29,0.9702996880727677,0.22964782618176388,1.5738238337254178,0.6709918793287579,0.9331546062030545,0.49417626491728195
2021-03-30,0.9707233017993255,0.20749228723806198,1.52420544875047,0.6327745852362754,0.9883616774920356,0.4906708444539639
2021-03-31,0.9759996954231749,0.1779063332325439,1.4596675898836593,0.5948065073721159,1.0376407193535808,0.48380966942562414
2021-04-01,0.9808943453076281,0.16060368447108014,1.3476134037299672,0.5685300394194378,1.077390193543318,0.4752115237207315
2021-04-02,0.986788347447126,0.15019562753862714,1.1988694113719873,0.5383725460065749,1.1093696003715436,0.4663987226446287
2021-04-03,0.992227405406042,0.15797208835206772,1.0634168931478738,0.5046640117880911,1.129795309541578,0.4540859275602507
2021-04-04,1.003977786194059,0.17180520405688068,0.9642991552426822,0.4710966234094711,1.135982913342352,0.4451882331921103
2021-04-05,1.0096987631020038,0.2056257584350416,0.911273824420218,0.4403111526404378,1.1257581430797399,0.43360266852447316
2021-04-06,1.0110606487718987,0.2501084751439689,0.8958533666037412,0.4187146829556355,1.1031768001033646,0.4294534191382539
2021-04-07,1.0079818180306157,0.3118637922800334,0.9052934660179262,0.3900449809192453,1.0645131556874399,0.4318657851005434
2021-04-08,1.0037221448374873,0.34475181780126946,0.9684473788794178,0.3587873719025701,1.0208715920508382,0.43259364975588727
2021-04-09,0.9989736203688431,0.37424809716743984,1.0592469320276523,0.33629496947648185,0.9723459264732246,0.4324106461420212
2021-04-10,0.9910640615057995,0.3861067164956709,1.13924456860515,0.3204980357178237,0.9296573448804375,0.4299265620167582
2021-04-11,0.9715336724284371,0.40903083008696267,1.1574729443031235,0.30743135707677866,0.8960139710591322,0.4215901597650312
2021-04-12,0.9604159644253362,0.414966668423618,1.1635303616219212,0.2910563081982058,0.8697610336804245,0.4100508501084953
2021-04-13,0.9567852907203177,0.4179736154308889,1.149276635406059,0.2812679371533142,0.8470920217253898,0.39105457876062727
2021-04-14,0.9581267719188422,0.4061346252192102,1.1617483679180556,0.2793581438755895,0.8351993569534377,0.37052737842235745
2021-04-15,0.9568712682533108,0.41578178969783397,1.151949431913278,0.27483099741222317,0.8233104988134068,0.3619422771927997
2021-04-16,0.949693299201961,0.42036294178038447,1.1711374322778947,0.275237269992419,0.8128499042079113,0.3601688492793169
2021-04-17,0.9403830877179742,0.424052739345003,1.1950448942291134,0.2763655649162094,0.794974430556722,0.3664974573680994
2021-04-18,0.9292750101043465,0.4084106262354995,1.2670200355869876,0.2762073376915131,0.7687280428460208,0.3881554442107196
2021-04-19,0.9156114713015259,0.39517409083652927,1.3617306755299645,0.28223882458547533,0.7409023477200646,0.42029368273509193
2021-04-20,0.9005537250012058,0.3809605766116558,1.4681275559236864,0.28110943849148423,0.7151105465758913,0.45787409079984076
2021-04-21,0.8861946469958178,0.37004106887200583,1.5513848930770826,0.28289447438336335,0.6895574577103531,0.4935441129270028
2021-04-22,0.8753543565388171,0.3551172949999806,1.6401564957715353,0.2795152767288863,0.6666650379820783,0.5306642098131977
2021-04-23,0.8738967063991988,0.34152717760659895,1.674932859550052,0.27087328751581174,0.6456445161778779,0.5625459100499867
2021-04-24,0.873414148722177,0.3272826205701636,1.701706725203132,0.258805083790565,0.6330962169011938,0.5868057610707059
2021-04-25,0.8743988717796001,0.31641796339482353,1.7219829424281397,0.24341462274343603,0.6289963917840399,0.5926457211317604
2021-04-26,0.88899891792828,0.30752371575215176,1.696111517763411,0.22214558776286814,0.6251958350128223,0.5826709382367424
2021-04-27,0.9066474333226676,0.29794696158938244,1.646517277564871,0.20577460299908415,0.6237215408516126,0.5606892065719289
2021-04-28,0.9297705315807124,0.28793869646918674,1.5567790256880374,0.17999224990757484,0.624082213405411,0.5352371487895733
2021-04-29,0.9507376210842464,0.27462890869168854,1.4405702520199988,0.16105917929491895,0.6242958087142878,0.5085227547558769
2021-04-30,0.9642952820807605,0.26346454969616306,1.3597958376273296,0.1354574938954946,0.6240430713089556,0.4914218002919459
2021-05-01,0.9751924891635441,0.25885281915853864,1.280759028524097,0.10523207398188164,0.6178258966431955,0.4874590509754076
2021-05-02,0.9939249061386668,0.25835978030903733,1.209373253260987,0.08142897988441808,0.605699698845855,0.49678612009568135
